,Week,Day,Date,Time,Outcome,OT,Rec,Home,Opp,Score_Tm,Score_Opp,Offense_1stD,Offense_TotYd,Offense_PassY,Offense_RushY,Offense_TO,Defense_1stD,Defense_TotYd,Defense_PassY,Defense_RushY,Defense_TO,Expected Points_Offense,Expected Points_Defense,Expected Points_Sp. Tms,Year
0,1,Sun,September 3,1:00PM ET,L,True,0-1,False,Atlanta Falcons,20.0,23.0,17.0,312.0,261.0,51.0,1.0,20.0,391.0,274.0,117.0,3.0,-8.83,5.03,2.53,1995
1,2,Sun,September 10,1:00PM ET,L,False,0-2,False,Buffalo Bills,9.0,31.0,6.0,113.0,12.0,101.0,1.0,16.0,348.0,176.0,172.0,3.0,-36.05,9.39,3.34,1995
2,3,Sun,September 17,1:00PM ET,L,False,0-3,True,St. Louis Rams,10.0,31.0,21.0,294.0,205.0,89.0,7.0,14.0,318.0,202.0,116.0,,-33.86,4.34,7.2,1995
3,4,,,,,False,,True,Bye Week,,,,,,,,,,,,,,,,1995
4,5,Sun,October 1,1:00PM ET,L,False,0-4,True,Tampa Bay Buccaneers,13.0,20.0,20.0,393.0,234.0,159.0,4.0,16.0,310.0,252.0,58.0,,-0.72,2.88,-9.68,1995
5,6,Sun,October 8,1:00PM ET,L,False,0-5,False,Chicago Bears,27.0,31.0,10.0,297.0,228.0,69.0,1.0,27.0,390.0,249.0,141.0,1.0,-4.33,-6.73,5.46,1995
6,7,Sun,October 15,4:00PM ET,W,False,1-5,True,New York Jets,26.0,15.0,15.0,265.0,132.0,133.0,3.0,7.0,138.0,113.0,25.0,3.0,-19.84,41.97,-10.57,1995
7,8,Sun,October 22,1:00PM ET,W,False,2-5,True,New Orleans Saints,20.0,3.0,10.0,155.0,29.0,126.0,,17.0,302.0,238.0,64.0,5.0,-16.32,30.56,-0.93,1995
8,9,Sun,October 29,1:00PM ET,W,True,3-5,False,New England Patriots,20.0,17.0,23.0,434.0,291.0,143.0,2.0,23.0,326.0,228.0,98.0,2.0,3.02,0.76,-0.78,1995
9,10,Sun,November 5,4:00PM ET,W,False,4-5,False,San Francisco 49ers,13.0,7.0,13.0,204.0,132.0,72.0,2.0,19.0,404.0,339.0,65.0,5.0,-13.2,14.4,5.44,1995
10,11,Sun,November 12,1:00PM ET,L,False,4-6,False,St. Louis Rams,17.0,28.0,17.0,323.0,246.0,77.0,6.0,18.0,315.0,191.0,124.0,3.0,-11.91,0.01,-2.2,1995
11,12,Sun,November 19,1:00PM ET,W,False,5-6,True,Arizona Cardinals,27.0,7.0,23.0,370.0,182.0,188.0,1.0,7.0,96.0,62.0,34.0,2.0,8.95,26.3,-12.09,1995
12,13,Sun,November 26,8:00PM ET,L,False,5-7,False,New Orleans Saints,26.0,34.0,17.0,409.0,329.0,80.0,6.0,24.0,352.0,172.0,180.0,4.0,-7.38,12.72,-13.93,1995
13,14,Sun,December 3,1:00PM ET,W,False,6-7,True,Indianapolis Colts,13.0,10.0,12.0,255.0,170.0,85.0,2.0,12.0,200.0,135.0,65.0,2.0,-13.16,22.39,-6.64,1995
14,15,Sun,December 10,1:00PM ET,L,False,6-8,True,San Francisco 49ers,10.0,31.0,12.0,195.0,119.0,76.0,1.0,26.0,401.0,322.0,79.0,2.0,-15.97,-12.55,5.72,1995
15,16,Sun,December 17,1:00PM ET,W,False,7-8,True,Atlanta Falcons,21.0,17.0,15.0,328.0,283.0,45.0,2.0,25.0,419.0,332.0,87.0,2.0,6.78,-6.91,3.52,1995
16,17,Sun,December 24,4:00PM ET,L,False,7-9,False,Washington Redskins,17.0,20.0,19.0,272.0,193.0,79.0,2.0,17.0,317.0,166.0,151.0,,-3.52,2.15,-6.2,1995
17,1,Sun,September 1,1:00PM ET,W,False,1-0,True,Atlanta Falcons,29.0,6.0,23.0,315.0,186.0,129.0,1.0,12.0,281.0,162.0,119.0,1.0,2.53,9.92,9.81,1996
18,2,Sun,September 8,1:00PM ET,W,False,2-0,False,New Orleans Saints,22.0,20.0,15.0,225.0,142.0,83.0,1.0,14.0,338.0,244.0,94.0,2.0,-10.5,14.71,-0.69,1996
19,3,,,,,False,,True,Bye Week,,,,,,,,,,,,,,,,1996
20,4,Sun,September 22,1:00PM ET,W,False,3-0,True,San Francisco 49ers,23.0,7.0,21.0,389.0,272.0,117.0,1.0,15.0,300.0,252.0,48.0,1.0,2.24,7.8,5.53,1996
21,5,Sun,September 29,1:00PM ET,L,False,3-1,False,Jacksonville Jaguars,14.0,24.0,21.0,272.0,215.0,57.0,2.0,22.0,378.0,199.0,179.0,2.0,-2.64,-0.15,-12.25,1996
22,6,Sun,October 6,1:00PM ET,L,False,3-2,False,Minnesota Vikings,12.0,14.0,15.0,256.0,155.0,101.0,6.0,16.0,293.0,192.0,101.0,2.0,-15.41,3.98,7.44,1996
23,7,Sun,October 13,1:00PM ET,W,False,4-2,True,St. Louis Rams,45.0,13.0,21.0,361.0,177.0,184.0,1.0,15.0,219.0,141.0,78.0,3.0,7.33,21.77,2.56,1996
24,8,Sun,October 20,1:00PM ET,W,False,5-2,True,New Orleans Saints,19.0,7.0,21.0,314.0,155.0,159.0,,10.0,174.0,103.0,71.0,2.0,-3.93,13.12,1.97,1996
25,9,Sun,October 27,1:00PM ET,L,False,5-3,False,Philadelphia Eagles,9.0,20.0,10.0,300.0,239.0,61.0,2.0,16.0,359.0,329.0,30.0,1.0,-30.82,4.66,11.35,1996
26,10,Sun,November 3,1:00PM ET,L,False,5-4,False,Atlanta Falcons,17.0,20.0,17.0,347.0,243.0,104.0,3.0,16.0,313.0,189.0,124.0,2.0,-2.35,5.97,-7.91,1996
27,11,Sun,November 10,8:00PM ET,W,False,6-4,True,New York Giants,27.0,17.0,23.0,350.0,208.0,142.0,1.0,14.0,289.0,215.0,74.0,4.0,4.63,7.79,-1.39,1996
28,12,Sun,November 17,1:00PM ET,W,False,7-4,False,St. Louis Rams,20.0,10.0,22.0,255.0,108.0,147.0,2.0,15.0,243.0,121.0,122.0,1.0,-4.43,11.87,5.69,1996
29,13,Sun,November 24,1:00PM ET,W,False,8-4,False,Houston Oilers,31.0,6.0,12.0,254.0,160.0,94.0,1.0,17.0,271.0,186.0,85.0,4.0,7.26,23.37,-6.69,1996
30,14,Sun,December 1,1:00PM ET,W,False,9-4,True,Tampa Bay Buccaneers,24.0,0.0,13.0,215.0,83.0,132.0,,17.0,284.0,206.0,78.0,4.0,-10.89,29.6,5.64,1996
31,15,Sun,December 8,4:00PM ET,W,False,10-4,False,San Francisco 49ers,30.0,24.0,22.0,382.0,324.0,58.0,,23.0,450.0,375.0,75.0,4.0,8.76,-8.86,8.12,1996
32,16,Sun,December 15,1:00PM ET,W,False,11-4,True,Baltimore Ravens,27.0,16.0,21.0,350.0,268.0,82.0,2.0,17.0,319.0,220.0,99.0,3.0,4.58,8.27,-1.48,1996
33,17,Sun,December 22,1:00PM ET,W,False,12-4,True,Pittsburgh Steelers,18.0,14.0,15.0,227.0,148.0,79.0,2.0,12.0,265.0,80.0,185.0,2.0,-17.22,19.61,3.24,1996
34,,,Playoffs,,,False,,True,,,,,,,,,,,,,,,,,1996
35,Division,Sun,January 5,4:00PM ET,W,False,13-4,True,Dallas Cowboys,26.0,17.0,18.0,227.0,100.0,127.0,2.0,21.0,244.0,148.0,96.0,3.0,-2.9,16.0,0.45,1996
36,Conf. Champ.,Sun,January 12,12:30PM ET,L,False,13-5,False,Green Bay Packers,13.0,30.0,12.0,251.0,206.0,45.0,3.0,22.0,479.0,278.0,201.0,2.0,-11.44,-5.56,-1.47,1996
37,1,Sun,August 31,8:00PM ET,L,False,0-1,True,Washington Redskins,10.0,24.0,16.0,262.0,104.0,158.0,4.0,23.0,323.0,125.0,198.0,,-14.19,-10.15,7.4,1997
38,2,Sun,September 7,1:00PM ET,W,False,1-1,False,Atlanta Falcons,9.0,6.0,21.0,321.0,228.0,93.0,2.0,8.0,210.0,162.0,48.0,2.0,-3.69,19.46,-14.02,1997
39,3,Sun,September 14,4:00PM ET,W,False,2-1,False,San Diego Chargers,26.0,7.0,21.0,279.0,138.0,141.0,1.0,17.0,251.0,155.0,96.0,4.0,-5.98,21.51,2.01,1997
40,4,Sun,September 21,1:00PM ET,L,False,2-2,True,Kansas City Chiefs,14.0,35.0,24.0,364.0,278.0,86.0,5.0,18.0,331.0,214.0,117.0,1.0,-19.14,-0.54,-2.56,1997
41,5,Mon,September 29,9:00PM ET,L,False,2-3,True,San Francisco 49ers,21.0,34.0,16.0,254.0,210.0,44.0,4.0,27.0,368.0,149.0,219.0,1.0,-4.27,-8.85,2.05,1997
42,6,,,,,False,,True,Bye Week,,,,,,,,,,,,,,,,1997
43,7,Sun,October 12,4:00PM ET,L,False,2-4,False,Minnesota Vikings,14.0,21.0,15.0,277.0,197.0,80.0,2.0,17.0,361.0,203.0,158.0,1.0,-13.07,-2.67,8.13,1997
44,8,Sun,October 19,1:00PM ET,W,False,3-4,False,New Orleans Saints,13.0,0.0,15.0,269.0,196.0,73.0,1.0,15.0,200.0,89.0,111.0,2.0,-3.41,17.96,0.22,1997
45,9,Sun,October 26,8:00PM ET,W,False,4-4,True,Atlanta Falcons,21.0,12.0,14.0,228.0,91.0,137.0,3.0,17.0,301.0,233.0,68.0,3.0,-19.24,19.13,4.82,1997
46,10,Sun,November 2,1:00PM ET,W,False,5-4,True,Oakland Raiders,38.0,14.0,27.0,408.0,192.0,216.0,,20.0,357.0,319.0,38.0,2.0,19.45,0.42,1.2,1997
47,11,Sun,November 9,4:00PM ET,L,False,5-5,False,Denver Broncos,0.0,34.0,7.0,147.0,113.0,34.0,4.0,20.0,393.0,233.0,160.0,1.0,-32.94,-1.77,-1.4,1997
48,12,Sun,November 16,4:00PM ET,L,False,5-6,False,San Francisco 49ers,19.0,27.0,18.0,254.0,169.0,85.0,3.0,20.0,320.0,221.0,99.0,,-2.02,-11.3,3.81,1997
49,13,Sun,November 23,4:00PM ET,W,False,6-6,False,St. Louis Rams,16.0,10.0,17.0,302.0,254.0,48.0,1.0,12.0,268.0,187.0,81.0,1.0,-10.93,10.97,3.73,1997
50,14,Sun,November 30,1:00PM ET,L,False,6-7,True,New Orleans Saints,13.0,16.0,21.0,427.0,241.0,186.0,4.0,18.0,326.0,190.0,136.0,2.0,-12.77,1.76,8.87,1997
51,15,Mon,December 8,9:00PM ET,W,False,7-7,False,Dallas Cowboys,23.0,13.0,22.0,324.0,169.0,155.0,1.0,9.0,216.0,138.0,78.0,1.0,0.57,18.5,-6.37,1997
52,16,Sun,December 14,4:00PM ET,L,False,7-8,True,Green Bay Packers,10.0,31.0,9.0,172.0,32.0,140.0,1.0,26.0,458.0,240.0,218.0,1.0,-14.05,-13.97,3.24,1997
53,17,Sat,December 20,4:00PM ET,L,False,7-9,True,St. Louis Rams,18.0,30.0,21.0,327.0,233.0,94.0,3.0,23.0,297.0,149.0,148.0,,-2.6,-5.72,-6.38,1997
54,1,Sun,September 6,1:00PM ET,L,False,0-1,True,Atlanta Falcons,14.0,19.0,16.0,317.0,263.0,54.0,2.0,19.0,323.0,230.0,93.0,1.0,1.31,-3.29,-2.49,1998
55,2,Sun,September 13,1:00PM ET,L,False,0-2,False,New Orleans Saints,14.0,19.0,20.0,375.0,238.0,137.0,3.0,18.0,311.0,104.0,207.0,,-6.47,2.73,-1.42,1998
56,3,,,,,False,,True,Bye Week,,,,,,,,,,,,,,,,1998
57,4,Sun,September 27,1:00PM ET,L,False,0-3,True,Green Bay Packers,30.0,37.0,13.0,230.0,170.0,60.0,1.0,26.0,487.0,378.0,109.0,4.0,-17.66,1.29,5.75,1998
58,5,Sun,October 4,1:00PM ET,L,False,0-4,False,Atlanta Falcons,23.0,51.0,16.0,346.0,289.0,57.0,6.0,18.0,323.0,193.0,130.0,2.0,-17.87,0.05,-11.04,1998
59,6,Sun,October 11,1:00PM ET,L,False,0-5,False,Dallas Cowboys,20.0,27.0,16.0,304.0,267.0,37.0,3.0,22.0,428.0,277.0,151.0,2.0,-0.2,-5.04,-1.8,1998
60,7,Sun,October 18,1:00PM ET,L,False,0-6,False,Tampa Bay Buccaneers,13.0,16.0,17.0,290.0,223.0,67.0,,21.0,349.0,213.0,136.0,2.0,3.49,-5.89,-2.98,1998
61,8,Sun,October 25,8:20PM ET,L,False,0-7,True,Buffalo Bills,14.0,30.0,21.0,360.0,279.0,81.0,3.0,18.0,426.0,282.0,144.0,1.0,-0.6,-16.86,5.14,1998
62,9,Sun,November 1,1:00PM ET,W,False,1-7,True,New Orleans Saints,31.0,17.0,16.0,216.0,110.0,106.0,2.0,21.0,354.0,301.0,53.0,4.0,-7.56,8.42,11.16,1998
63,10,Sun,November 8,4:05PM ET,L,False,1-8,False,San Francisco 49ers,23.0,25.0,16.0,287.0,237.0,50.0,2.0,22.0,366.0,261.0,105.0,6.0,-7.17,4.09,2.11,1998
64,11,Sun,November 15,1:00PM ET,L,False,1-9,True,Miami Dolphins,9.0,13.0,12.0,210.0,148.0,62.0,2.0,15.0,315.0,131.0,184.0,1.0,-13.74,4.7,5.04,1998
65,12,Sun,November 22,4:05PM ET,W,False,2-9,False,St. Louis Rams,24.0,20.0,17.0,257.0,184.0,73.0,1.0,17.0,281.0,239.0,42.0,2.0,4.63,1.22,-6.7,1998
66,13,Sun,November 29,1:00PM ET,L,False,2-10,False,New York Jets,21.0,48.0,15.0,216.0,134.0,82.0,1.0,21.0,456.0,255.0,201.0,,1.74,-20.12,-9.13,1998
67,14,Sun,December 6,1:00PM ET,L,True,2-11,True,San Francisco 49ers,28.0,31.0,22.0,429.0,226.0,203.0,3.0,22.0,474.0,238.0,236.0,2.0,5.12,-6.83,-0.56,1998
68,15,Sun,December 13,1:00PM ET,L,False,2-12,True,Washington Redskins,25.0,28.0,16.0,365.0,241.0,124.0,3.0,27.0,409.0,249.0,160.0,,3.18,-13.65,7.25,1998
69,16,Sun,December 20,1:00PM ET,W,False,3-12,True,St. Louis Rams,20.0,13.0,11.0,246.0,164.0,82.0,1.0,16.0,261.0,151.0,110.0,4.0,-9.3,12.81,4.52,1998
70,17,Sun,December 27,1:00PM ET,W,False,4-12,False,Indianapolis Colts,27.0,19.0,17.0,332.0,149.0,183.0,2.0,12.0,279.0,207.0,72.0,2.0,-8.66,10.49,7.08,1998
71,1,Sun,September 12,1:02PM ET,L,False,0-1,False,New Orleans Saints,10.0,19.0,12.0,246.0,161.0,85.0,3.0,13.0,255.0,108.0,147.0,,-16.65,11.42,-3.74,1999
72,2,Sun,September 19,1:01PM ET,L,False,0-2,True,Jacksonville Jaguars,20.0,22.0,16.0,283.0,196.0,87.0,1.0,27.0,414.0,200.0,214.0,1.0,2.32,-8.04,5.7,1999
73,3,Sun,September 26,1:00PM ET,W,False,1-2,True,Cincinnati Bengals,27.0,3.0,13.0,343.0,197.0,146.0,2.0,20.0,372.0,243.0,129.0,1.0,11.93,4.79,6.37,1999
74,4,Sun,October 3,1:00PM ET,L,False,1-3,False,Washington Redskins,36.0,38.0,23.0,483.0,328.0,155.0,1.0,22.0,418.0,308.0,110.0,1.0,9.93,-17.17,6.1,1999
75,5,,,,,False,,True,Bye Week,,,,,,,,,,,,,,,,1999
76,6,Sun,October 17,4:15PM ET,W,False,2-3,False,San Francisco 49ers,31.0,29.0,18.0,383.0,282.0,101.0,4.0,23.0,333.0,209.0,124.0,3.0,-9.87,5.27,14.17,1999
77,7,Sun,October 24,1:02PM ET,L,False,2-4,True,Detroit Lions,9.0,24.0,22.0,320.0,259.0,61.0,2.0,20.0,300.0,210.0,90.0,2.0,-10.1,-10.19,3.87,1999
78,8,Sun,October 31,1:03PM ET,L,False,2-5,False,Atlanta Falcons,20.0,27.0,19.0,290.0,227.0,63.0,5.0,20.0,283.0,176.0,107.0,,-18.89,-2.47,8.46,1999
79,9,Sun,November 7,1:03PM ET,W,False,3-5,True,Philadelphia Eagles,33.0,7.0,24.0,381.0,270.0,111.0,,17.0,249.0,81.0,168.0,5.0,8.25,9.36,8.75,1999
80,10,Sun,November 14,12:00PM ET,L,False,3-6,False,St. Louis Rams,10.0,35.0,18.0,377.0,260.0,117.0,3.0,16.0,363.0,284.0,79.0,2.0,-16.87,-6.55,-4.68,1999
81,11,Sun,November 21,1:02PM ET,W,False,4-6,False,Cleveland Browns,31.0,17.0,22.0,330.0,201.0,129.0,1.0,22.0,306.0,257.0,49.0,2.0,14.0,-1.11,7.64,1999
82,12,Sun,November 28,1:00PM ET,W,False,5-6,True,Atlanta Falcons,34.0,28.0,25.0,380.0,254.0,126.0,1.0,22.0,343.0,279.0,64.0,1.0,12.09,-3.25,-2.83,1999
83,13,Sun,December 5,1:02PM ET,L,False,5-7,True,St. Louis Rams,21.0,34.0,14.0,307.0,252.0,55.0,3.0,22.0,480.0,358.0,122.0,3.0,-8.59,-12.81,8.19,1999
84,14,Sun,December 12,1:02PM ET,W,False,6-7,False,Green Bay Packers,33.0,31.0,21.0,381.0,368.0,13.0,4.0,26.0,362.0,283.0,79.0,2.0,11.21,-10.34,-4.93,1999
85,15,Sat,December 18,4:15PM ET,W,False,7-7,True,San Francisco 49ers,41.0,24.0,25.0,452.0,362.0,90.0,,18.0,397.0,297.0,100.0,1.0,23.86,-8.83,-0.01,1999
86,16,Sun,December 26,1:01PM ET,L,False,7-8,False,Pittsburgh Steelers,20.0,30.0,17.0,375.0,256.0,119.0,3.0,21.0,293.0,82.0,211.0,1.0,-5.69,-1.7,-5.54,1999
87,17,Sun,January 2,1:02PM ET,W,False,8-8,True,New Orleans Saints,45.0,13.0,18.0,355.0,288.0,67.0,1.0,22.0,335.0,230.0,105.0,4.0,1.66,22.25,12.79,1999
88,1,Sun,September 3,1:01PM ET,L,False,0-1,False,Washington Redskins,17.0,20.0,12.0,236.0,124.0,112.0,1.0,23.0,396.0,234.0,162.0,,-2.83,-6.66,-0.21,2000
89,2,Sun,September 10,4:15PM ET,W,False,1-1,False,San Francisco 49ers,38.0,22.0,27.0,450.0,352.0,98.0,1.0,21.0,391.0,301.0,90.0,2.0,20.2,-1.58,0.16,2000
90,3,Sun,September 17,1:02PM ET,L,False,1-2,True,Atlanta Falcons,10.0,15.0,17.0,284.0,225.0,59.0,4.0,10.0,262.0,154.0,108.0,2.0,-14.82,16.37,-9.27,2000
91,4,,,,,False,,True,Bye Week,,,,,,,,,,,,,,,,2000
92,5,Sun,October 1,1:02PM ET,L,True,1-3,True,Dallas Cowboys,13.0,16.0,13.0,272.0,153.0,119.0,2.0,20.0,291.0,118.0,173.0,2.0,-5.2,1.38,1.82,2000
93,6,Sun,October 8,4:15PM ET,W,False,2-3,True,Seattle Seahawks,26.0,3.0,26.0,447.0,322.0,125.0,1.0,10.0,209.0,146.0,63.0,,16.14,16.89,-9.84,2000
94,7,Sun,October 15,1:04PM ET,L,False,2-4,False,New Orleans Saints,6.0,24.0,8.0,141.0,131.0,10.0,2.0,21.0,397.0,182.0,215.0,3.0,-22.81,-2.93,3.96,2000
95,8,Sun,October 22,1:02PM ET,W,False,3-4,True,San Francisco 49ers,34.0,16.0,26.0,390.0,292.0,98.0,,20.0,411.0,283.0,128.0,2.0,20.4,-3.33,2.61,2000
96,9,Sun,October 29,1:02PM ET,L,False,3-5,False,Atlanta Falcons,12.0,13.0,16.0,209.0,179.0,30.0,4.0,16.0,281.0,184.0,97.0,3.0,-18.57,10.76,7.53,2000
97,10,Sun,November 5,8:35PM ET,W,False,4-5,False,St. Louis Rams,27.0,24.0,18.0,268.0,178.0,90.0,2.0,20.0,426.0,395.0,31.0,2.0,0.59,-11.06,8.12,2000
98,11,Sun,November 12,1:02PM ET,L,False,4-6,True,New Orleans Saints,10.0,20.0,21.0,311.0,258.0,53.0,5.0,16.0,322.0,165.0,157.0,2.0,-12.99,-0.36,6.2,2000
99,12,Sun,November 19,1:00PM ET,L,False,4-7,False,Minnesota Vikings,17.0,31.0,23.0,330.0,252.0,78.0,3.0,19.0,446.0,329.0,117.0,2.0,-1.91,-15.72,5.16,2000
100,13,Mon,November 27,9:12PM ET,W,False,5-7,True,Green Bay Packers,31.0,14.0,24.0,356.0,223.0,133.0,2.0,20.0,326.0,239.0,87.0,5.0,0.11,11.07,4.48,2000
101,14,Sun,December 3,1:04PM ET,W,False,6-7,True,St. Louis Rams,16.0,3.0,20.0,237.0,169.0,68.0,2.0,15.0,278.0,179.0,99.0,7.0,-10.76,25.39,3.49,2000
102,15,Sun,December 10,1:00PM ET,L,False,6-8,False,Kansas City Chiefs,14.0,15.0,21.0,257.0,234.0,23.0,1.0,26.0,453.0,315.0,138.0,4.0,6.01,-4.04,-2.79,2000
103,16,Sun,December 17,1:04PM ET,W,False,7-8,True,San Diego Chargers,30.0,22.0,13.0,169.0,158.0,11.0,1.0,19.0,358.0,258.0,100.0,2.0,-20.21,14.81,10.47,2000
104,17,Sun,December 24,4:15PM ET,L,False,7-9,False,Oakland Raiders,9.0,52.0,19.0,297.0,218.0,79.0,4.0,28.0,409.0,230.0,179.0,,-18.51,-27.1,2.61,2000
105,1,Sun,September 9,1:00PM ET,W,False,1-0,False,Minnesota Vikings,24.0,13.0,15.0,291.0,200.0,91.0,2.0,19.0,343.0,234.0,109.0,5.0,-7.79,6.3,11.25,2001
106,2,Sun,September 23,1:12PM ET,L,False,1-1,False,Atlanta Falcons,16.0,24.0,18.0,359.0,270.0,89.0,1.0,16.0,377.0,256.0,121.0,2.0,7.62,-16.85,0.45,2001
107,3,Sun,September 30,1:03PM ET,L,False,1-2,True,Green Bay Packers,7.0,28.0,9.0,169.0,133.0,36.0,3.0,22.0,383.0,308.0,75.0,2.0,-18.29,-3.27,1.01,2001
108,4,Sun,October 7,8:38PM ET,L,False,1-3,False,San Francisco 49ers,14.0,24.0,17.0,336.0,275.0,61.0,3.0,21.0,353.0,203.0,150.0,1.0,-7.38,-3.63,2.12,2001
109,5,Sun,October 14,1:02PM ET,L,False,1-4,True,New Orleans Saints,25.0,27.0,13.0,218.0,184.0,34.0,3.0,21.0,358.0,160.0,198.0,3.0,-22.71,4.92,13.33,2001
110,6,Sun,October 21,1:01PM ET,L,True,1-5,False,Washington Redskins,14.0,17.0,19.0,342.0,218.0,124.0,4.0,16.0,443.0,345.0,98.0,2.0,-14.76,-0.04,12.65,2001
111,7,Sun,October 28,1:02PM ET,L,False,1-6,True,New York Jets,12.0,13.0,7.0,162.0,70.0,92.0,1.0,17.0,358.0,172.0,186.0,4.0,-27.81,28.69,-4.98,2001
112,8,Sun,November 4,1:01PM ET,L,False,1-7,False,Miami Dolphins,6.0,23.0,12.0,281.0,178.0,103.0,1.0,17.0,337.0,278.0,59.0,1.0,-17.99,3.91,-0.92,2001
113,9,Sun,November 11,1:02PM ET,L,False,1-8,False,St. Louis Rams,14.0,48.0,8.0,146.0,115.0,31.0,3.0,20.0,493.0,156.0,337.0,4.0,-25.69,-17.72,13.12,2001
114,10,Sun,November 18,1:02PM ET,L,True,1-9,True,San Francisco 49ers,22.0,25.0,14.0,280.0,177.0,103.0,,26.0,417.0,296.0,121.0,3.0,-4.06,-0.18,1.5,2001
115,11,Sun,November 25,1:02PM ET,L,False,1-10,True,Atlanta Falcons,7.0,10.0,14.0,247.0,151.0,96.0,2.0,13.0,239.0,94.0,145.0,,-16.47,6.84,4.84,2001
116,12,Sun,December 2,1:03PM ET,L,False,1-11,False,New Orleans Saints,23.0,27.0,11.0,150.0,101.0,49.0,1.0,25.0,432.0,307.0,125.0,2.0,-7.43,-4.69,11.92,2001
117,13,Sun,December 9,1:02PM ET,L,False,1-12,False,Buffalo Bills,24.0,25.0,17.0,231.0,153.0,78.0,2.0,18.0,369.0,267.0,102.0,1.0,-6.63,2.95,4.4,2001
118,14,,,,,False,,True,Bye Week,,,,,,,,,,,,,,,,2001
119,15,Sun,December 23,1:02PM ET,L,False,1-13,True,St. Louis Rams,32.0,38.0,24.0,402.0,305.0,97.0,1.0,21.0,412.0,197.0,215.0,3.0,-2.69,-12.52,5.91,2001
120,16,Sun,December 30,1:02PM ET,L,False,1-14,True,Arizona Cardinals,7.0,30.0,20.0,318.0,223.0,95.0,2.0,16.0,331.0,173.0,158.0,,-15.51,-4.65,-3.43,2001
121,17,Sun,January 6,1:02PM ET,L,False,1-15,True,New England Patriots,6.0,38.0,18.0,322.0,129.0,193.0,6.0,16.0,298.0,196.0,102.0,3.0,-33.27,8.85,-2.88,2001
122,1,Sun,September 8,1:04PM ET,W,False,1-0,True,Baltimore Ravens,10.0,7.0,15.0,265.0,120.0,145.0,,15.0,289.0,212.0,77.0,1.0,-4.38,6.68,4.2,2002
123,2,Sun,September 15,1:04PM ET,W,False,2-0,True,Detroit Lions,31.0,7.0,20.0,385.0,310.0,75.0,,12.0,122.0,49.0,73.0,3.0,6.36,28.88,-10.97,2002
124,3,Sun,September 22,1:00PM ET,W,False,3-0,False,Minnesota Vikings,21.0,14.0,20.0,370.0,206.0,164.0,2.0,13.0,250.0,177.0,73.0,5.0,0.75,11.84,-4.26,2002
125,4,Sun,September 29,1:02PM ET,L,False,3-1,False,Green Bay Packers,14.0,17.0,18.0,332.0,193.0,139.0,3.0,17.0,298.0,199.0,99.0,1.0,-5.45,0.12,-0.26,2002
126,5,Sun,October 6,1:02PM ET,L,False,3-2,True,Arizona Cardinals,13.0,16.0,12.0,244.0,186.0,58.0,4.0,18.0,312.0,221.0,91.0,1.0,-16.43,10.4,3.75,2002
127,6,Sun,October 13,1:03PM ET,L,False,3-3,False,Dallas Cowboys,13.0,14.0,14.0,308.0,198.0,110.0,,17.0,311.0,174.0,137.0,2.0,-7.02,10.65,-0.58,2002
128,7,Sun,October 20,1:05PM ET,L,False,3-4,False,Atlanta Falcons,0.0,30.0,12.0,205.0,104.0,101.0,1.0,25.0,393.0,206.0,187.0,,-14.09,-16.2,0.21,2002
129,8,Sun,October 27,1:02PM ET,L,False,3-5,True,Tampa Bay Buccaneers,9.0,12.0,9.0,130.0,20.0,110.0,4.0,14.0,226.0,155.0,71.0,2.0,-22.03,19.34,-1.16,2002
130,9,,,,,False,,True,Bye Week,,,,,,,,,,,,,,,,2002
131,10,Sun,November 10,1:02PM ET,L,False,3-6,True,New Orleans Saints,24.0,34.0,21.0,396.0,296.0,100.0,2.0,17.0,345.0,248.0,97.0,,-1.3,-2.62,-8.21,2002
132,11,Sun,November 17,4:05PM ET,L,False,3-7,False,Tampa Bay Buccaneers,10.0,23.0,14.0,231.0,168.0,63.0,4.0,19.0,314.0,247.0,67.0,2.0,-16.68,5.0,1.47,2002
133,12,Sun,November 24,1:02PM ET,L,False,3-8,True,Atlanta Falcons,0.0,41.0,10.0,122.0,51.0,71.0,6.0,25.0,426.0,277.0,149.0,1.0,-35.06,-14.27,9.52,2002
134,13,Sun,December 1,1:04PM ET,W,False,4-8,False,Cleveland Browns,13.0,6.0,11.0,234.0,89.0,145.0,2.0,14.0,258.0,118.0,140.0,5.0,-11.91,16.46,1.47,2002
135,14,Sun,December 8,1:02PM ET,W,False,5-8,True,Cincinnati Bengals,52.0,31.0,23.0,401.0,319.0,82.0,3.0,25.0,340.0,257.0,83.0,1.0,2.21,-3.0,19.81,2002
136,15,Sun,December 15,1:01PM ET,L,False,5-9,False,Pittsburgh Steelers,14.0,30.0,11.0,131.0,81.0,50.0,4.0,19.0,332.0,203.0,129.0,2.0,-21.13,1.22,5.74,2002
137,16,Sun,December 22,1:02PM ET,W,False,6-9,True,Chicago Bears,24.0,14.0,15.0,253.0,165.0,88.0,2.0,8.0,186.0,131.0,55.0,4.0,-19.8,26.17,3.44,2002
138,17,Sun,December 29,1:02PM ET,W,False,7-9,False,New Orleans Saints,10.0,6.0,13.0,273.0,188.0,85.0,3.0,13.0,244.0,119.0,125.0,3.0,-17.16,25.33,-2.67,2002
139,1,Sun,September 7,1:04PM ET,W,False,1-0,True,Jacksonville Jaguars,24.0,23.0,17.0,242.0,120.0,122.0,2.0,17.0,331.0,256.0,75.0,1.0,-9.96,2.11,5.99,2003
140,2,Sun,September 14,4:05PM ET,W,True,2-0,False,Tampa Bay Buccaneers,12.0,9.0,14.0,258.0,87.0,171.0,2.0,25.0,397.0,337.0,60.0,1.0,-19.44,7.1,15.49,2003
141,3,,,,,False,,True,Bye Week,,,,,,,,,,,,,,,,2003
142,4,Sun,September 28,4:15PM ET,W,False,3-0,True,Atlanta Falcons,23.0,3.0,19.0,361.0,168.0,193.0,1.0,11.0,267.0,123.0,144.0,1.0,4.53,12.57,2.78,2003
143,5,Sun,October 5,1:02PM ET,W,False,4-0,True,New Orleans Saints,19.0,13.0,21.0,309.0,124.0,185.0,1.0,17.0,344.0,189.0,155.0,1.0,3.11,-7.13,8.32,2003
144,6,Sun,October 12,1:00PM ET,W,True,5-0,False,Indianapolis Colts,23.0,20.0,17.0,341.0,152.0,189.0,2.0,20.0,369.0,293.0,76.0,3.0,-0.73,0.95,4.02,2003
145,7,Sun,October 19,1:02PM ET,L,False,5-1,True,Tennessee Titans,17.0,37.0,19.0,383.0,339.0,44.0,4.0,15.0,348.0,214.0,134.0,,-14.51,0.32,-2.67,2003
146,8,Sun,October 26,1:03PM ET,W,True,6-1,False,New Orleans Saints,23.0,20.0,20.0,368.0,145.0,223.0,,19.0,294.0,190.0,104.0,3.0,2.56,7.41,-6.97,2003
147,9,Sun,November 2,1:02PM ET,L,False,6-2,False,Houston Texans,10.0,14.0,21.0,367.0,193.0,174.0,1.0,14.0,267.0,149.0,118.0,,8.9,-7.18,-4.72,2003
148,10,Sun,November 9,1:02PM ET,W,False,7-2,True,Tampa Bay Buccaneers,27.0,24.0,18.0,341.0,263.0,78.0,2.0,18.0,347.0,258.0,89.0,1.0,-6.33,7.01,4.43,2003
149,11,Sun,November 16,1:03PM ET,W,False,8-2,True,Washington Redskins,20.0,17.0,17.0,427.0,317.0,110.0,4.0,13.0,181.0,127.0,54.0,2.0,-8.42,18.31,-3.41,2003
150,12,Sun,November 23,1:02PM ET,L,False,8-3,False,Dallas Cowboys,20.0,24.0,15.0,244.0,169.0,75.0,2.0,19.0,319.0,254.0,65.0,1.0,-7.28,-0.75,4.03,2003
151,13,Sun,November 30,1:02PM ET,L,False,8-4,True,Philadelphia Eagles,16.0,25.0,19.0,336.0,200.0,136.0,1.0,17.0,283.0,159.0,124.0,2.0,-0.18,-0.73,-5.78,2003
152,14,Sun,December 7,8:37PM ET,L,True,8-5,False,Atlanta Falcons,14.0,20.0,13.0,231.0,141.0,90.0,3.0,24.0,380.0,156.0,224.0,2.0,-13.55,1.51,6.89,2003
153,15,Sun,December 14,4:16PM ET,W,False,9-5,False,Arizona Cardinals,20.0,17.0,17.0,298.0,231.0,67.0,2.0,23.0,317.0,146.0,171.0,2.0,2.27,3.27,-1.97,2003
154,16,Sun,December 21,1:03PM ET,W,False,10-5,True,Detroit Lions,20.0,14.0,22.0,384.0,260.0,124.0,2.0,8.0,106.0,53.0,53.0,1.0,-2.84,17.52,-5.91,2003
155,17,Sun,December 28,4:05PM ET,W,False,11-5,False,New York Giants,37.0,24.0,15.0,251.0,141.0,110.0,2.0,14.0,175.0,99.0,76.0,5.0,-9.22,27.71,-7.39,2003
156,,,Playoffs,,,False,,True,,,,,,,,,,,,,,,,,2003
157,Wild Card,Sat,January 3,8:09PM ET,W,False,12-5,True,Dallas Cowboys,29.0,10.0,16.0,380.0,273.0,107.0,,10.0,204.0,132.0,72.0,2.0,7.69,19.26,-7.86,2003
158,Division,Sat,January 10,4:30PM ET,W,True,13-5,False,St. Louis Rams,29.0,23.0,24.0,485.0,269.0,216.0,1.0,23.0,380.0,316.0,64.0,3.0,10.44,-0.65,-2.42,2003
159,Conf. Champ.,Sun,January 18,6:50PM ET,W,False,14-5,False,Philadelphia Eagles,14.0,3.0,14.0,256.0,101.0,155.0,,18.0,289.0,152.0,137.0,4.0,-0.64,13.92,-1.92,2003
160,SuperBowl,Sun,February 1,6:25PM ET,L,False,14-6,N,New England Patriots,29.0,32.0,17.0,387.0,295.0,92.0,1.0,29.0,481.0,354.0,127.0,1.0,6.11,-17.23,7.78,2003
161,1,Mon,September 13,9:09PM ET,L,False,0-1,True,Green Bay Packers,14.0,24.0,17.0,300.0,262.0,38.0,2.0,22.0,279.0,127.0,152.0,,-0.91,-8.05,1.72,2004
162,2,Sun,September 19,1:00PM ET,W,False,1-1,False,Kansas City Chiefs,28.0,17.0,23.0,358.0,175.0,183.0,2.0,17.0,281.0,172.0,109.0,2.0,2.71,7.79,0.83,2004
163,3,,,,,False,,True,Bye Week,,,,,,,,,,,,,,,,2004
164,4,Sun,October 3,4:05PM ET,L,False,1-2,True,Atlanta Falcons,10.0,27.0,19.0,360.0,293.0,67.0,3.0,20.0,313.0,148.0,165.0,,-9.92,-6.64,1.37,2004
165,5,Sun,October 10,4:15PM ET,L,False,1-3,False,Denver Broncos,17.0,20.0,12.0,227.0,163.0,64.0,,23.0,434.0,224.0,210.0,2.0,-3.4,-6.96,1.67,2004
166,6,Sun,October 17,1:04PM ET,L,False,1-4,False,Philadelphia Eagles,8.0,30.0,21.0,344.0,186.0,158.0,4.0,10.0,283.0,202.0,81.0,1.0,-11.8,-0.65,-9.31,2004
167,7,Sun,October 24,1:02PM ET,L,False,1-5,True,San Diego Chargers,6.0,17.0,20.0,263.0,147.0,116.0,1.0,19.0,302.0,188.0,114.0,1.0,-7.53,-4.08,-0.97,2004
168,8,Sun,October 31,4:06PM ET,L,False,1-6,False,Seattle Seahawks,17.0,23.0,16.0,342.0,248.0,94.0,1.0,24.0,433.0,196.0,237.0,2.0,0.12,-5.79,0.98,2004
169,9,Sun,November 7,1:02PM ET,L,False,1-7,True,Oakland Raiders,24.0,27.0,24.0,304.0,267.0,37.0,,21.0,297.0,228.0,69.0,1.0,11.8,-14.23,0.05,2004
170,10,Sun,November 14,4:15PM ET,W,False,2-7,False,San Francisco 49ers,37.0,27.0,17.0,358.0,301.0,57.0,2.0,23.0,357.0,247.0,110.0,5.0,7.48,7.82,-6.32,2004
171,11,Sun,November 21,1:04PM ET,W,False,3-7,True,Arizona Cardinals,35.0,10.0,16.0,317.0,160.0,157.0,1.0,23.0,399.0,314.0,85.0,4.0,1.91,17.02,4.77,2004
172,12,Sun,November 28,1:04PM ET,W,False,4-7,True,Tampa Bay Buccaneers,21.0,14.0,15.0,300.0,188.0,112.0,1.0,20.0,398.0,336.0,62.0,3.0,4.7,3.58,-3.22,2004
173,13,Sun,December 5,1:03PM ET,W,False,5-7,False,New Orleans Saints,32.0,21.0,25.0,401.0,269.0,132.0,,15.0,280.0,250.0,30.0,3.0,9.19,6.42,-5.06,2004
174,14,Sun,December 12,4:15PM ET,W,False,6-7,True,St. Louis Rams,20.0,7.0,18.0,308.0,189.0,119.0,2.0,11.0,292.0,226.0,66.0,7.0,-4.65,18.15,2.04,2004
175,15,Sat,December 18,8:36PM ET,L,True,6-8,False,Atlanta Falcons,31.0,34.0,22.0,375.0,314.0,61.0,4.0,22.0,329.0,125.0,204.0,4.0,3.17,2.1,-5.09,2004
176,16,Sun,December 26,4:15PM ET,W,False,7-8,False,Tampa Bay Buccaneers,37.0,20.0,22.0,348.0,207.0,141.0,,22.0,345.0,299.0,46.0,3.0,17.94,4.53,-3.29,2004
177,17,Sun,January 2,1:02PM ET,L,False,7-9,True,New Orleans Saints,18.0,21.0,21.0,320.0,274.0,46.0,3.0,15.0,360.0,196.0,164.0,,-9.31,-0.98,8.02,2004
178,1,Sun,September 11,1:06PM ET,L,False,0-1,True,New Orleans Saints,20.0,23.0,20.0,350.0,209.0,141.0,4.0,21.0,291.0,190.0,101.0,2.0,8.76,-8.25,-1.63,2005
179,2,Sun,September 18,1:02PM ET,W,False,1-1,True,New England Patriots,27.0,17.0,17.0,250.0,146.0,104.0,1.0,14.0,288.0,249.0,39.0,3.0,-6.8,15.49,3.37,2005
180,3,Sun,September 25,1:02PM ET,L,False,1-2,False,Miami Dolphins,24.0,27.0,23.0,299.0,238.0,61.0,3.0,16.0,315.0,171.0,144.0,1.0,4.76,-1.83,-4.63,2005
181,4,Mon,October 3,9:07PM ET,W,False,2-2,True,Green Bay Packers,32.0,29.0,17.0,286.0,196.0,90.0,1.0,22.0,352.0,294.0,58.0,2.0,2.51,1.68,0.08,2005
182,5,Sun,October 9,4:15PM ET,W,False,3-2,False,Arizona Cardinals,24.0,20.0,15.0,330.0,243.0,87.0,2.0,19.0,468.0,396.0,72.0,4.0,-3.29,14.12,-3.55,2005
183,6,Sun,October 16,1:02PM ET,W,False,4-2,False,Detroit Lions,21.0,20.0,14.0,317.0,263.0,54.0,4.0,11.0,209.0,157.0,52.0,4.0,-20.74,30.39,-7.57,2005
184,7,,,,,False,,True,Bye Week,,,,,,,,,,,,,,,,2005
185,8,Sun,October 30,1:02PM ET,W,False,5-2,True,Minnesota Vikings,38.0,13.0,27.0,449.0,338.0,111.0,,14.0,253.0,171.0,82.0,,27.16,2.5,-0.94,2005
186,9,Sun,November 6,1:02PM ET,W,False,6-2,False,Tampa Bay Buccaneers,34.0,14.0,15.0,287.0,210.0,77.0,,18.0,270.0,226.0,44.0,4.0,5.61,18.79,-3.26,2005
187,10,Sun,November 13,4:05PM ET,W,False,7-2,True,New York Jets,30.0,3.0,15.0,220.0,119.0,101.0,2.0,15.0,214.0,77.0,137.0,6.0,-4.36,25.37,5.22,2005
188,11,Sun,November 20,1:02PM ET,L,False,7-3,False,Chicago Bears,3.0,13.0,13.0,238.0,183.0,55.0,2.0,15.0,258.0,136.0,122.0,1.0,-20.52,7.42,3.32,2005
189,12,Sun,November 27,1:02PM ET,W,False,8-3,False,Buffalo Bills,13.0,9.0,19.0,295.0,182.0,113.0,1.0,14.0,216.0,161.0,55.0,1.0,3.76,7.36,-6.6,2005
190,13,Sun,December 4,1:03PM ET,W,False,9-3,True,Atlanta Falcons,24.0,6.0,14.0,306.0,164.0,142.0,1.0,14.0,259.0,148.0,111.0,2.0,-1.37,17.14,2.23,2005
191,14,Sun,December 11,1:03PM ET,L,False,9-4,True,Tampa Bay Buccaneers,10.0,20.0,14.0,276.0,194.0,82.0,1.0,17.0,247.0,133.0,114.0,,-8.62,-1.48,-2.27,2005
192,15,Sun,December 18,1:03PM ET,W,False,10-4,False,New Orleans Saints,27.0,10.0,19.0,326.0,165.0,161.0,2.0,15.0,277.0,183.0,94.0,6.0,3.09,13.56,-2.64,2005
193,16,Sat,December 24,1:03PM ET,L,False,10-5,True,Dallas Cowboys,20.0,24.0,13.0,318.0,247.0,71.0,2.0,22.0,394.0,180.0,214.0,2.0,-6.28,-6.48,7.45,2005
194,17,Sun,January 1,1:05PM ET,W,False,11-5,False,Atlanta Falcons,44.0,11.0,23.0,403.0,174.0,229.0,,15.0,211.0,185.0,26.0,4.0,19.51,15.78,0.06,2005
195,,,Playoffs,,,False,,True,,,,,,,,,,,,,,,,,2005
196,Wild Card,Sun,January 8,1:04PM ET,W,False,12-5,False,New York Giants,23.0,0.0,23.0,335.0,112.0,223.0,,9.0,132.0,91.0,41.0,5.0,5.89,13.44,2.81,2005
197,Division,Sun,January 15,4:41PM ET,W,False,13-5,False,Chicago Bears,29.0,21.0,21.0,434.0,311.0,123.0,1.0,23.0,282.0,185.0,97.0,1.0,11.76,-1.21,-0.51,2005
198,Conf. Champ.,Sun,January 22,6:47PM ET,L,False,13-6,False,Seattle Seahawks,14.0,34.0,11.0,212.0,176.0,36.0,4.0,27.0,393.0,203.0,190.0,,-21.35,-9.01,11.16,2005
199,1,Sun,September 10,1:03PM ET,L,False,0-1,True,Atlanta Falcons,6.0,20.0,15.0,215.0,150.0,65.0,2.0,24.0,385.0,133.0,252.0,,-17.16,-6.48,9.18,2006
200,2,Sun,September 17,1:03PM ET,L,True,0-2,False,Minnesota Vikings,13.0,16.0,14.0,271.0,164.0,107.0,1.0,17.0,365.0,225.0,140.0,1.0,-6.17,3.95,-0.3,2006
201,3,Sun,September 24,1:03PM ET,W,False,1-2,False,Tampa Bay Buccaneers,26.0,24.0,22.0,350.0,249.0,101.0,3.0,13.0,209.0,145.0,64.0,2.0,-0.83,3.87,0.69,2006
202,4,Sun,October 1,1:02PM ET,W,False,2-2,True,New Orleans Saints,21.0,18.0,20.0,324.0,157.0,167.0,,22.0,407.0,344.0,63.0,1.0,9.93,-11.71,7.46,2006
203,5,Sun,October 8,1:02PM ET,W,False,3-2,True,Cleveland Browns,20.0,12.0,15.0,288.0,169.0,119.0,,17.0,248.0,157.0,91.0,3.0,-4.63,27.06,-13.55,2006
204,6,Sun,October 15,1:02PM ET,W,False,4-2,False,Baltimore Ravens,23.0,21.0,20.0,414.0,356.0,58.0,3.0,16.0,292.0,212.0,80.0,3.0,3.74,0.42,-3.29,2006
205,7,Sun,October 22,1:03PM ET,L,False,4-3,False,Cincinnati Bengals,14.0,17.0,17.0,277.0,217.0,60.0,1.0,22.0,342.0,230.0,112.0,,-2.03,-5.75,3.09,2006
206,8,Sun,October 29,8:20PM ET,L,False,4-4,True,Dallas Cowboys,14.0,35.0,16.0,204.0,128.0,76.0,3.0,27.0,414.0,258.0,156.0,1.0,-4.7,-11.1,-1.92,2006
207,9,,,,,False,,True,Bye Week,,,,,,,,,,,,,,,,2006
208,10,Mon,November 13,8:40PM ET,W,False,5-4,True,Tampa Bay Buccaneers,24.0,10.0,17.0,318.0,240.0,78.0,2.0,13.0,222.0,153.0,69.0,4.0,1.16,17.51,-2.55,2006
209,11,Sun,November 19,1:02PM ET,W,False,6-4,True,St. Louis Rams,15.0,0.0,20.0,411.0,169.0,242.0,3.0,8.0,111.0,80.0,31.0,2.0,-6.43,26.47,-3.78,2006
210,12,Sun,November 26,1:03PM ET,L,False,6-5,False,Washington Redskins,13.0,17.0,15.0,264.0,163.0,101.0,2.0,14.0,253.0,110.0,143.0,1.0,-10.96,6.9,2.55,2006
211,13,Mon,December 4,8:40PM ET,L,False,6-6,False,Philadelphia Eagles,24.0,27.0,18.0,377.0,269.0,108.0,2.0,18.0,402.0,304.0,98.0,,-0.95,-7.14,6.47,2006
212,14,Sun,December 10,1:02PM ET,L,False,6-7,True,New York Giants,13.0,27.0,22.0,463.0,418.0,45.0,3.0,15.0,307.0,172.0,135.0,,-8.26,1.13,-5.23,2006
213,15,Sun,December 17,1:02PM ET,L,False,6-8,True,Pittsburgh Steelers,3.0,37.0,12.0,240.0,197.0,43.0,2.0,20.0,306.0,147.0,159.0,,-13.77,-10.38,-8.25,2006
214,16,Sun,December 24,1:03PM ET,W,False,7-8,False,Atlanta Falcons,10.0,3.0,15.0,194.0,11.0,183.0,,8.0,177.0,94.0,83.0,2.0,-7.4,10.05,4.72,2006
215,17,Sun,December 31,1:03PM ET,W,False,8-8,False,New Orleans Saints,31.0,21.0,20.0,313.0,207.0,106.0,,13.0,297.0,236.0,61.0,2.0,9.71,2.55,-2.69,2006
216,1,Sun,September 9,12:59PM ET,W,False,1-0,False,St. Louis Rams,27.0,13.0,21.0,385.0,199.0,186.0,2.0,16.0,238.0,162.0,76.0,2.0,8.69,10.61,-6.93,2007
217,2,Sun,September 16,1:02PM ET,L,False,1-1,True,Houston Texans,21.0,34.0,17.0,353.0,287.0,66.0,3.0,19.0,346.0,227.0,119.0,1.0,0.59,-3.86,-6.67,2007
218,3,Sun,September 23,4:15PM ET,W,False,2-1,False,Atlanta Falcons,27.0,20.0,24.0,313.0,138.0,175.0,,21.0,442.0,351.0,91.0,2.0,15.67,-9.87,4.43,2007
219,4,Sun,September 30,4:06PM ET,L,False,2-2,True,Tampa Bay Buccaneers,7.0,20.0,13.0,236.0,137.0,99.0,2.0,22.0,365.0,176.0,189.0,1.0,-16.61,-1.72,1.63,2007
220,5,Sun,October 7,1:03PM ET,W,False,3-2,False,New Orleans Saints,16.0,13.0,12.0,243.0,155.0,88.0,1.0,23.0,341.0,252.0,89.0,2.0,-4.14,-1.1,7.95,2007
221,6,Sun,October 14,4:05PM ET,W,False,4-2,False,Arizona Cardinals,25.0,10.0,14.0,374.0,193.0,181.0,,10.0,255.0,159.0,96.0,5.0,-1.53,19.39,-7.94,2007
222,7,,,,,False,,True,Bye Week,,,,,,,,,,,,,,,,2007
223,8,Sun,October 28,1:02PM ET,L,False,4-3,True,Indianapolis Colts,7.0,31.0,20.0,293.0,185.0,108.0,3.0,23.0,395.0,264.0,131.0,1.0,-6.8,-12.52,-3.99,2007
224,9,Sun,November 4,1:02PM ET,L,False,4-4,False,Tennessee Titans,7.0,20.0,15.0,191.0,113.0,78.0,2.0,20.0,236.0,96.0,140.0,4.0,-17.58,5.37,-2.48,2007
225,10,Sun,November 11,1:03PM ET,L,False,4-5,True,Atlanta Falcons,13.0,20.0,10.0,235.0,145.0,90.0,2.0,12.0,277.0,189.0,88.0,1.0,-16.28,10.34,-1.06,2007
226,11,Sun,November 18,1:02PM ET,L,False,4-6,False,Green Bay Packers,17.0,31.0,21.0,382.0,251.0,131.0,3.0,18.0,317.0,214.0,103.0,,-0.45,-7.9,-5.1,2007
227,12,Sun,November 25,1:03PM ET,L,False,4-7,True,New Orleans Saints,6.0,31.0,11.0,195.0,152.0,43.0,4.0,22.0,373.0,260.0,113.0,1.0,-21.2,-8.64,3.11,2007
228,13,Sun,December 2,1:03PM ET,W,False,5-7,True,San Francisco 49ers,31.0,14.0,20.0,323.0,157.0,166.0,2.0,12.0,195.0,136.0,59.0,6.0,-0.34,26.65,-5.55,2007
229,14,Sun,December 9,1:03PM ET,L,False,5-8,False,Jacksonville Jaguars,6.0,37.0,10.0,149.0,99.0,50.0,2.0,24.0,427.0,249.0,178.0,1.0,-28.05,-9.43,7.19,2007
230,15,Sun,December 16,1:02PM ET,W,False,6-8,True,Seattle Seahawks,13.0,10.0,15.0,322.0,208.0,114.0,,18.0,282.0,238.0,44.0,1.0,-2.08,2.83,2.56,2007
231,16,Sat,December 22,8:15PM ET,L,False,6-9,True,Dallas Cowboys,13.0,20.0,12.0,216.0,147.0,69.0,1.0,25.0,405.0,257.0,148.0,1.0,-6.16,-6.24,5.18,2007
232,17,Sun,December 30,1:02PM ET,W,False,7-9,False,Tampa Bay Buccaneers,31.0,23.0,20.0,349.0,169.0,180.0,2.0,17.0,303.0,196.0,107.0,1.0,7.49,1.79,2.55,2007
233,1,Sun,September 7,4:15PM ET,W,False,1-0,False,San Diego Chargers,26.0,24.0,20.0,388.0,246.0,142.0,1.0,17.0,316.0,211.0,105.0,1.0,1.7,-3.02,3.78,2008
234,2,Sun,September 14,1:03PM ET,W,False,2-0,True,Chicago Bears,20.0,17.0,12.0,216.0,102.0,114.0,1.0,12.0,256.0,141.0,115.0,2.0,-15.67,17.42,1.64,2008
235,3,Sun,September 21,1:05PM ET,L,False,2-1,False,Minnesota Vikings,10.0,20.0,14.0,204.0,157.0,47.0,2.0,17.0,305.0,186.0,119.0,1.0,-16.91,5.43,2.85,2008
236,4,Sun,September 28,1:04PM ET,W,False,3-1,True,Atlanta Falcons,24.0,9.0,19.0,401.0,294.0,107.0,,17.0,268.0,150.0,118.0,,11.85,9.75,-6.79,2008
237,5,Sun,October 5,1:04PM ET,W,False,4-1,True,Kansas City Chiefs,34.0,0.0,20.0,441.0,236.0,205.0,2.0,8.0,127.0,92.0,35.0,3.0,7.16,31.21,-3.91,2008
238,6,Sun,October 12,1:02PM ET,L,False,4-2,False,Tampa Bay Buccaneers,3.0,27.0,14.0,282.0,242.0,40.0,3.0,17.0,315.0,173.0,142.0,,-17.9,-4.44,-1.19,2008
239,7,Sun,October 19,1:04PM ET,W,False,5-2,True,New Orleans Saints,30.0,7.0,19.0,336.0,193.0,143.0,,17.0,343.0,228.0,115.0,2.0,9.3,6.69,3.36,2008
240,8,Sun,October 26,1:04PM ET,W,False,6-2,True,Arizona Cardinals,27.0,23.0,22.0,351.0,238.0,113.0,1.0,25.0,425.0,375.0,50.0,2.0,10.43,-6.33,3.37,2008
241,9,,,,,False,,True,Bye Week,,,,,,,,,,,,,,,,2008
242,10,Sun,November 9,4:05PM ET,W,False,7-2,False,Oakland Raiders,17.0,6.0,10.0,219.0,57.0,162.0,4.0,17.0,259.0,112.0,147.0,3.0,-19.84,24.06,10.16,2008
243,11,Sun,November 16,1:03PM ET,W,False,8-2,True,Detroit Lions,31.0,22.0,16.0,366.0,102.0,264.0,1.0,20.0,316.0,186.0,130.0,4.0,9.6,5.78,-2.36,2008
244,12,Sun,November 23,4:15PM ET,L,False,8-3,False,Atlanta Falcons,28.0,45.0,22.0,408.0,274.0,134.0,,21.0,392.0,259.0,133.0,1.0,12.56,-19.09,-8.62,2008
245,13,Sun,November 30,1:02PM ET,W,False,9-3,False,Green Bay Packers,35.0,31.0,15.0,298.0,170.0,128.0,1.0,25.0,438.0,293.0,145.0,2.0,9.07,-9.11,6.34,2008
246,14,Mon,December 8,8:36PM ET,W,False,10-3,True,Tampa Bay Buccaneers,38.0,23.0,26.0,464.0,165.0,299.0,2.0,21.0,384.0,298.0,86.0,,23.75,-11.36,4.61,2008
247,15,Sun,December 14,4:15PM ET,W,False,11-3,True,Denver Broncos,30.0,10.0,18.0,400.0,253.0,147.0,1.0,15.0,279.0,158.0,121.0,2.0,9.2,5.77,1.37,2008
248,16,Sun,December 21,8:23PM ET,L,True,11-4,False,New York Giants,28.0,34.0,16.0,343.0,185.0,158.0,,25.0,459.0,158.0,301.0,,13.37,-17.57,-0.01,2008
249,17,Sun,December 28,1:03PM ET,W,False,12-4,False,New Orleans Saints,33.0,31.0,23.0,478.0,244.0,234.0,,22.0,417.0,367.0,50.0,2.0,20.19,-16.24,0.32,2008
250,,,Playoffs,,,False,,True,,,,,,,,,,,,,,,,,2008
251,Division,Sat,January 10,8:16PM ET,L,False,12-5,True,Arizona Cardinals,13.0,33.0,16.0,269.0,194.0,75.0,6.0,21.0,360.0,215.0,145.0,1.0,-22.27,-5.14,3.52,2008
252,1,Sun,September 13,1:04PM ET,L,False,0-1,True,Philadelphia Eagles,10.0,38.0,14.0,169.0,83.0,86.0,7.0,17.0,267.0,82.0,185.0,2.0,-37.25,7.39,1.89,2009
253,2,Sun,September 20,1:02PM ET,L,False,0-2,False,Atlanta Falcons,20.0,28.0,24.0,440.0,296.0,144.0,2.0,23.0,371.0,220.0,151.0,2.0,12.75,-12.82,-4.0,2009
254,3,Mon,September 28,8:40PM ET,L,False,0-3,False,Dallas Cowboys,7.0,21.0,15.0,271.0,198.0,73.0,3.0,24.0,449.0,237.0,212.0,,-10.06,-9.9,5.68,2009
255,4,,,,,False,,True,Bye Week,,,,,,,,,,,,,,,,2009
256,5,Sun,October 11,1:04PM ET,W,False,1-3,True,Washington Redskins,20.0,17.0,16.0,248.0,162.0,86.0,2.0,15.0,198.0,124.0,74.0,1.0,-13.27,4.8,10.5,2009
257,6,Sun,October 18,1:00PM ET,W,False,2-3,False,Tampa Bay Buccaneers,28.0,21.0,22.0,322.0,55.0,267.0,3.0,12.0,245.0,121.0,124.0,2.0,2.14,9.11,-2.68,2009
258,7,Sun,October 25,4:05PM ET,L,False,2-4,True,Buffalo Bills,9.0,20.0,20.0,425.0,309.0,116.0,4.0,9.0,167.0,114.0,53.0,,-6.17,12.34,-13.87,2009
259,8,Sun,November 1,4:15PM ET,W,False,3-4,False,Arizona Cardinals,34.0,21.0,13.0,355.0,85.0,270.0,,23.0,320.0,226.0,94.0,6.0,5.53,9.1,-2.65,2009
260,9,Sun,November 8,4:05PM ET,L,False,3-5,False,New Orleans Saints,20.0,30.0,21.0,371.0,189.0,182.0,3.0,18.0,414.0,330.0,84.0,2.0,-3.92,-3.85,-0.44,2009
261,10,Sun,November 15,1:03PM ET,W,False,4-5,True,Atlanta Falcons,28.0,19.0,19.0,380.0,195.0,185.0,,22.0,400.0,224.0,176.0,2.0,15.26,-3.17,-1.8,2009
262,11,Thu,November 19,8:20PM ET,L,False,4-6,True,Miami Dolphins,17.0,24.0,22.0,383.0,201.0,182.0,1.0,17.0,326.0,172.0,154.0,,2.29,-3.86,-4.6,2009
263,12,Sun,November 29,1:02PM ET,L,False,4-7,False,New York Jets,6.0,17.0,11.0,179.0,104.0,75.0,4.0,16.0,283.0,144.0,139.0,3.0,-24.33,10.33,5.6,2009
264,13,Sun,December 6,1:03PM ET,W,False,5-7,True,Tampa Bay Buccaneers,16.0,6.0,15.0,309.0,152.0,157.0,2.0,22.0,469.0,315.0,154.0,5.0,-2.39,7.42,4.71,2009
265,14,Sun,December 13,1:02PM ET,L,False,5-8,False,New England Patriots,10.0,20.0,14.0,305.0,179.0,126.0,,26.0,377.0,192.0,185.0,3.0,-6.47,2.15,-5.88,2009
266,15,Sun,December 20,8:30PM ET,W,False,6-8,True,Minnesota Vikings,26.0,7.0,23.0,397.0,273.0,124.0,,10.0,237.0,196.0,41.0,2.0,8.88,14.23,-5.15,2009
267,16,Sun,December 27,1:03PM ET,W,False,7-8,False,New York Giants,41.0,9.0,25.0,416.0,169.0,247.0,,22.0,317.0,257.0,60.0,4.0,23.54,8.6,-1.28,2009
268,17,Sun,January 3,1:04PM ET,W,False,8-8,True,New Orleans Saints,23.0,10.0,15.0,327.0,149.0,178.0,,14.0,213.0,102.0,111.0,3.0,-2.61,14.62,1.91,2009
269,1,Sun,September 12,1:04PM ET,L,False,0-1,False,New York Giants,18.0,31.0,14.0,237.0,148.0,89.0,5.0,21.0,376.0,258.0,118.0,4.0,-21.07,-0.3,7.23,2010
270,2,Sun,September 19,1:03PM ET,L,False,0-2,True,Tampa Bay Buccaneers,7.0,20.0,16.0,278.0,159.0,119.0,3.0,14.0,273.0,178.0,95.0,,-11.82,-1.54,0.8,2010
271,3,Sun,September 26,1:02PM ET,L,False,0-3,True,Cincinnati Bengals,7.0,20.0,17.0,267.0,180.0,87.0,4.0,21.0,305.0,185.0,120.0,2.0,-20.58,7.77,-1.98,2010
272,4,Sun,October 3,1:03PM ET,L,False,0-4,False,New Orleans Saints,14.0,16.0,10.0,251.0,133.0,118.0,1.0,27.0,383.0,262.0,121.0,2.0,0.05,-3.86,-0.27,2010
273,5,Sun,October 10,1:03PM ET,L,False,0-5,True,Chicago Bears,6.0,23.0,8.0,147.0,62.0,85.0,3.0,13.0,247.0,29.0,218.0,4.0,-32.45,19.04,-4.59,2010
274,6,,,,,False,,True,Bye Week,,,,,,,,,,,,,,,,2010
275,7,Sun,October 24,1:03PM ET,W,False,1-5,True,San Francisco 49ers,23.0,20.0,22.0,379.0,303.0,76.0,3.0,15.0,282.0,183.0,99.0,1.0,-7.77,5.1,2.32,2010
276,8,Sun,October 31,1:00PM ET,L,False,1-6,False,St. Louis Rams,10.0,20.0,14.0,201.0,176.0,25.0,4.0,15.0,246.0,184.0,62.0,,-16.28,4.14,-0.4,2010
277,9,Sun,November 7,1:04PM ET,L,False,1-7,True,New Orleans Saints,3.0,34.0,15.0,195.0,68.0,127.0,2.0,27.0,408.0,243.0,165.0,1.0,-23.37,-5.07,1.82,2010
278,10,Sun,November 14,1:02PM ET,L,False,1-8,False,Tampa Bay Buccaneers,16.0,31.0,18.0,300.0,182.0,118.0,1.0,21.0,421.0,235.0,186.0,2.0,-6.45,-16.59,9.45,2010
279,11,Sun,November 21,1:04PM ET,L,False,1-9,True,Baltimore Ravens,13.0,37.0,9.0,270.0,150.0,120.0,2.0,22.0,378.0,278.0,100.0,2.0,-21.22,-0.68,2.82,2010
280,12,Sun,November 28,1:03PM ET,L,False,1-10,False,Cleveland Browns,23.0,24.0,16.0,326.0,175.0,151.0,1.0,26.0,379.0,227.0,152.0,3.0,0.54,4.69,-3.83,2010
281,13,Sun,December 5,4:16PM ET,L,False,1-11,False,Seattle Seahawks,14.0,31.0,18.0,283.0,152.0,131.0,1.0,25.0,371.0,210.0,161.0,2.0,-9.43,-8.38,1.96,2010
282,14,Sun,December 12,1:03PM ET,L,False,1-12,True,Atlanta Falcons,10.0,31.0,13.0,288.0,76.0,212.0,2.0,24.0,327.0,200.0,127.0,1.0,-13.85,-8.66,5.15,2010
283,15,Sun,December 19,1:04PM ET,W,False,2-12,True,Arizona Cardinals,19.0,12.0,16.0,303.0,126.0,177.0,1.0,11.0,218.0,175.0,43.0,2.0,-8.61,13.38,5.52,2010
284,16,Thu,December 23,8:29PM ET,L,False,2-13,False,Pittsburgh Steelers,3.0,27.0,7.0,119.0,45.0,74.0,2.0,22.0,408.0,293.0,115.0,2.0,-19.54,-1.46,-3.48,2010
285,17,Sun,January 2,1:03PM ET,L,False,2-14,False,Atlanta Falcons,10.0,31.0,12.0,291.0,154.0,137.0,2.0,24.0,352.0,253.0,99.0,1.0,-10.04,-3.61,-10.08,2010
286,1,Sun,September 11,4:15PM ET,L,False,0-1,False,Arizona Cardinals,21.0,28.0,26.0,477.0,403.0,74.0,1.0,15.0,394.0,295.0,99.0,1.0,10.08,-8.29,-7.57,2011
287,2,Sun,September 18,1:02PM ET,L,False,0-2,True,Green Bay Packers,23.0,30.0,26.0,475.0,404.0,71.0,4.0,16.0,419.0,295.0,124.0,1.0,3.46,-11.59,-0.32,2011
288,3,Sun,September 25,1:02PM ET,W,False,1-2,True,Jacksonville Jaguars,16.0,10.0,16.0,265.0,158.0,107.0,,13.0,257.0,129.0,128.0,1.0,-3.92,8.92,-2.54,2011
289,4,Sun,October 2,1:04PM ET,L,False,1-3,False,Chicago Bears,29.0,34.0,24.0,543.0,374.0,169.0,1.0,15.0,317.0,93.0,224.0,1.0,10.03,-5.94,-12.63,2011
290,5,Sun,October 9,1:04PM ET,L,False,1-4,True,New Orleans Saints,27.0,30.0,20.0,381.0,219.0,162.0,1.0,27.0,444.0,343.0,101.0,1.0,15.17,-18.85,0.55,2011
291,6,Sun,October 16,1:02PM ET,L,False,1-5,False,Atlanta Falcons,17.0,31.0,24.0,368.0,229.0,139.0,3.0,24.0,325.0,159.0,166.0,,6.7,-20.34,-1.43,2011
292,7,Sun,October 23,1:05PM ET,W,False,2-5,True,Washington Redskins,33.0,20.0,20.0,407.0,232.0,175.0,,22.0,353.0,261.0,92.0,3.0,11.44,1.53,1.92,2011
293,8,Sun,October 30,1:03PM ET,L,False,2-6,True,Minnesota Vikings,21.0,24.0,21.0,405.0,265.0,140.0,2.0,22.0,361.0,229.0,132.0,1.0,7.56,-8.36,-1.59,2011
294,9,,,,,False,,True,Bye Week,,,,,,,,,,,,,,,,2011
295,10,Sun,November 13,1:04PM ET,L,False,2-7,True,Tennessee Titans,3.0,30.0,16.0,279.0,166.0,113.0,2.0,22.0,383.0,211.0,172.0,1.0,-15.23,-5.86,-4.25,2011
296,11,Sun,November 20,1:02PM ET,L,False,2-8,False,Detroit Lions,35.0,49.0,24.0,409.0,272.0,137.0,4.0,29.0,495.0,326.0,169.0,3.0,2.27,-25.41,8.83,2011
297,12,Sun,November 27,1:03PM ET,W,False,3-8,False,Indianapolis Colts,27.0,19.0,22.0,377.0,176.0,201.0,1.0,17.0,323.0,218.0,105.0,2.0,8.25,-0.45,0.74,2011
298,13,Sun,December 4,1:02PM ET,W,False,4-8,False,Tampa Bay Buccaneers,38.0,19.0,26.0,385.0,222.0,163.0,,15.0,285.0,207.0,78.0,1.0,26.22,2.41,-10.02,2011
299,14,Sun,December 11,1:04PM ET,L,False,4-9,True,Atlanta Falcons,23.0,31.0,19.0,416.0,259.0,157.0,2.0,18.0,394.0,308.0,86.0,,1.81,-9.56,-2.31,2011
300,15,Sun,December 18,1:03PM ET,W,False,5-9,False,Houston Texans,28.0,13.0,20.0,316.0,150.0,166.0,,18.0,358.0,208.0,150.0,3.0,13.45,4.07,1.6,2011
301,16,Sat,December 24,1:04PM ET,W,False,6-9,True,Tampa Bay Buccaneers,48.0,16.0,20.0,433.0,163.0,270.0,,23.0,317.0,258.0,59.0,4.0,26.76,3.74,2.83,2011
302,17,Sun,January 1,1:03PM ET,L,False,6-10,False,New Orleans Saints,17.0,45.0,21.0,301.0,137.0,164.0,2.0,33.0,617.0,409.0,208.0,1.0,3.33,-32.32,-0.25,2011
303,1,Sun,September 9,4:26PM ET,L,False,0-1,False,Tampa Bay Buccaneers,10.0,16.0,16.0,301.0,291.0,10.0,2.0,18.0,258.0,128.0,130.0,,-2.75,1.17,-2.72,2012
304,2,Sun,September 16,1:03PM ET,W,False,1-1,True,New Orleans Saints,35.0,27.0,23.0,463.0,244.0,219.0,1.0,27.0,486.0,323.0,163.0,2.0,18.54,-8.77,-0.58,2012
305,3,Thu,September 20,8:20PM ET,L,False,1-2,True,New York Giants,7.0,36.0,22.0,327.0,267.0,60.0,5.0,24.0,405.0,280.0,125.0,,1.8,-15.85,-12.39,2012
306,4,Sun,September 30,1:03PM ET,L,False,1-3,False,Atlanta Falcons,28.0,30.0,21.0,404.0,205.0,199.0,1.0,24.0,426.0,305.0,121.0,1.0,9.19,-13.29,0.57,2012
307,5,Sun,October 7,4:04PM ET,L,False,1-4,True,Seattle Seahawks,12.0,16.0,13.0,190.0,108.0,82.0,2.0,17.0,310.0,212.0,98.0,3.0,-20.26,6.76,5.0,2012
308,6,,,,,False,,True,Bye Week,,,,,,,,,,,,,,,,2012
309,7,Sun,October 21,1:03PM ET,L,False,1-5,True,Dallas Cowboys,14.0,19.0,18.0,328.0,216.0,112.0,2.0,18.0,312.0,227.0,85.0,1.0,-3.15,-0.93,-1.53,2012
310,8,Sun,October 28,1:03PM ET,L,False,1-6,False,Chicago Bears,22.0,23.0,21.0,416.0,297.0,119.0,2.0,18.0,210.0,131.0,79.0,3.0,-0.41,6.46,-4.51,2012
311,9,Sun,November 4,1:05PM ET,W,False,2-6,False,Washington Redskins,21.0,13.0,18.0,330.0,201.0,129.0,,24.0,337.0,186.0,151.0,,11.79,0.97,-2.32,2012
312,10,Sun,November 11,1:02PM ET,L,False,2-7,True,Denver Broncos,14.0,36.0,19.0,250.0,198.0,52.0,2.0,18.0,360.0,295.0,65.0,2.0,-16.41,4.32,-6.35,2012
313,11,Sun,November 18,1:04PM ET,L,True,2-8,True,Tampa Bay Buccaneers,21.0,27.0,18.0,331.0,234.0,97.0,1.0,25.0,403.0,236.0,167.0,3.0,2.65,6.0,-11.7,2012
314,12,Mon,November 26,8:32PM ET,W,False,3-8,False,Philadelphia Eagles,30.0,22.0,24.0,398.0,289.0,109.0,,18.0,311.0,107.0,204.0,3.0,16.75,-2.86,-2.81,2012
315,13,Sun,December 2,1:03PM ET,L,False,3-9,False,Kansas City Chiefs,21.0,27.0,19.0,385.0,220.0,165.0,,23.0,355.0,197.0,158.0,,20.52,-18.7,-2.45,2012
316,14,Sun,December 9,1:04PM ET,W,False,4-9,True,Atlanta Falcons,30.0,20.0,23.0,475.0,280.0,195.0,,26.0,362.0,327.0,35.0,1.0,23.22,-13.6,1.47,2012
317,15,Sun,December 16,4:05PM ET,W,False,5-9,False,San Diego Chargers,31.0,7.0,29.0,372.0,217.0,155.0,1.0,12.0,164.0,94.0,70.0,2.0,12.97,11.73,-1.83,2012
318,16,Sun,December 23,1:04PM ET,W,False,6-9,True,Oakland Raiders,17.0,6.0,16.0,271.0,159.0,112.0,2.0,12.0,189.0,142.0,47.0,1.0,0.41,16.88,-4.57,2012
319,17,Sun,December 30,1:03PM ET,W,False,7-9,False,New Orleans Saints,44.0,38.0,28.0,530.0,257.0,273.0,1.0,22.0,441.0,378.0,63.0,1.0,21.5,-18.31,7.96,2012
320,1,Sun,September 8,1:04PM ET,L,False,0-1,True,Seattle Seahawks,7.0,12.0,17.0,253.0,119.0,134.0,2.0,18.0,370.0,300.0,70.0,1.0,3.41,-2.56,-7.04,2013
321,2,Sun,September 15,1:02PM ET,L,False,0-2,False,Buffalo Bills,23.0,24.0,25.0,308.0,183.0,125.0,1.0,24.0,436.0,287.0,149.0,2.0,-0.32,-8.72,7.39,2013
322,3,Sun,September 22,1:03PM ET,W,False,1-2,True,New York Giants,38.0,0.0,27.0,402.0,208.0,194.0,2.0,10.0,150.0,90.0,60.0,3.0,13.72,23.56,1.2,2013
323,4,,,,,False,,True,Bye Week,,,,,,,,,,,,,,,,2013
324,5,Sun,October 6,4:05PM ET,L,False,1-3,False,Arizona Cardinals,6.0,22.0,21.0,353.0,258.0,95.0,4.0,19.0,250.0,160.0,90.0,3.0,-18.28,8.23,-6.15,2013
325,6,Sun,October 13,1:05PM ET,W,False,2-3,False,Minnesota Vikings,35.0,10.0,22.0,367.0,236.0,131.0,,17.0,290.0,215.0,75.0,2.0,22.96,5.46,-4.57,2013
326,7,Sun,October 20,1:03PM ET,W,False,3-3,True,St. Louis Rams,30.0,15.0,21.0,282.0,180.0,102.0,,15.0,317.0,254.0,63.0,3.0,3.35,13.0,-0.5,2013
327,8,Thu,October 24,8:29PM ET,W,False,4-3,False,Tampa Bay Buccaneers,31.0,13.0,21.0,324.0,195.0,129.0,,19.0,297.0,249.0,48.0,1.0,11.11,6.74,-2.23,2013
328,9,Sun,November 3,1:03PM ET,W,False,5-3,True,Atlanta Falcons,34.0,10.0,27.0,373.0,242.0,131.0,2.0,12.0,289.0,211.0,78.0,4.0,12.95,14.39,-1.55,2013
329,10,Sun,November 10,4:05PM ET,W,False,6-3,False,San Francisco 49ers,10.0,9.0,15.0,250.0,141.0,109.0,2.0,10.0,151.0,46.0,105.0,2.0,-9.9,22.93,-8.81,2013
330,11,Mon,November 18,8:42PM ET,W,False,7-3,True,New England Patriots,24.0,20.0,20.0,300.0,197.0,103.0,,28.0,390.0,283.0,107.0,2.0,17.75,-13.91,-0.63,2013
331,12,Sun,November 24,1:03PM ET,W,False,8-3,False,Miami Dolphins,20.0,16.0,20.0,295.0,159.0,136.0,1.0,13.0,332.0,280.0,52.0,1.0,-3.88,5.54,3.71,2013
332,13,Sun,December 1,1:04PM ET,W,False,9-3,True,Tampa Bay Buccaneers,27.0,6.0,20.0,426.0,263.0,163.0,2.0,10.0,206.0,140.0,66.0,2.0,11.42,15.24,-0.49,2013
333,14,Sun,December 8,8:30PM ET,L,False,9-4,False,New Orleans Saints,13.0,31.0,16.0,239.0,111.0,128.0,,24.0,373.0,304.0,69.0,,-2.1,-18.2,3.54,2013
334,15,Sun,December 15,4:05PM ET,W,False,10-4,True,New York Jets,30.0,20.0,21.0,392.0,261.0,131.0,,19.0,297.0,140.0,157.0,1.0,10.6,-0.43,2.56,2013
335,16,Sun,December 22,1:04PM ET,W,False,11-4,True,New Orleans Saints,17.0,13.0,10.0,222.0,141.0,81.0,1.0,20.0,365.0,239.0,126.0,2.0,-7.24,11.03,-2.62,2013
336,17,Sun,December 29,1:05PM ET,W,False,12-4,False,Atlanta Falcons,21.0,20.0,16.0,283.0,149.0,134.0,2.0,20.0,307.0,231.0,76.0,1.0,1.85,1.88,-0.96,2013
337,,,Playoffs,,,False,,True,,,,,,,,,,,,,,,,,2013
338,Division,Sun,January 12,1:05PM ET,L,False,12-5,True,San Francisco 49ers,10.0,23.0,18.0,325.0,232.0,93.0,2.0,21.0,315.0,189.0,126.0,,2.72,-11.99,-1.23,2013
339,1,Sun,September 7,4:25PM ET,W,False,1-0,False,Tampa Bay Buccaneers,20.0,14.0,19.0,334.0,221.0,113.0,,17.0,264.0,162.0,102.0,3.0,4.1,6.2,-2.93,2014
340,2,Sun,September 14,1:04PM ET,W,False,2-0,True,Detroit Lions,24.0,7.0,20.0,313.0,251.0,62.0,,21.0,323.0,253.0,70.0,3.0,1.84,5.21,10.18,2014
341,3,Sun,September 21,8:31PM ET,L,False,2-1,True,Pittsburgh Steelers,19.0,37.0,20.0,349.0,307.0,42.0,2.0,24.0,454.0,190.0,264.0,,6.24,-19.58,-6.54,2014
342,4,Sun,September 28,1:02PM ET,L,False,2-2,False,Baltimore Ravens,10.0,38.0,20.0,315.0,248.0,67.0,1.0,25.0,454.0,327.0,127.0,,6.08,-34.18,7.43,2014
343,5,Sun,October 5,1:03PM ET,W,False,3-2,True,Chicago Bears,31.0,24.0,22.0,322.0,231.0,91.0,3.0,17.0,347.0,262.0,85.0,4.0,-2.91,5.59,7.35,2014
344,6,Sun,October 12,1:03PM ET,T,True,3-2-1,False,Cincinnati Bengals,37.0,37.0,29.0,431.0,284.0,147.0,1.0,29.0,513.0,320.0,193.0,2.0,15.66,-15.9,-3.87,2014
345,7,Sun,October 19,1:02PM ET,L,False,3-3-1,False,Green Bay Packers,17.0,38.0,23.0,331.0,223.0,108.0,1.0,22.0,363.0,241.0,122.0,,-2.03,-18.14,1.49,2014
346,8,Sun,October 26,1:04PM ET,L,False,3-4-1,True,Seattle Seahawks,9.0,13.0,17.0,266.0,152.0,114.0,2.0,19.0,310.0,191.0,119.0,2.0,-9.35,0.83,0.13,2014
347,9,Thu,October 30,8:30PM ET,L,False,3-5-1,True,New Orleans Saints,10.0,28.0,15.0,231.0,122.0,109.0,2.0,27.0,375.0,270.0,105.0,2.0,-8.78,-12.03,-0.01,2014
348,10,Mon,November 10,8:32PM ET,L,False,3-6-1,False,Philadelphia Eagles,21.0,45.0,21.0,317.0,215.0,102.0,5.0,17.0,365.0,328.0,37.0,,-17.03,-1.81,-2.54,2014
349,11,Sun,November 16,1:03PM ET,L,False,3-7-1,True,Atlanta Falcons,17.0,19.0,22.0,391.0,285.0,106.0,2.0,22.0,346.0,260.0,86.0,1.0,3.54,2.99,-12.19,2014
350,12,,,,,False,,True,Bye Week,,,,,,,,,,,,,,,,2014
351,13,Sun,November 30,1:02PM ET,L,False,3-8-1,False,Minnesota Vikings,13.0,31.0,23.0,348.0,170.0,178.0,1.0,12.0,210.0,118.0,92.0,,0.51,-1.24,-15.81,2014
352,14,Sun,December 7,1:03PM ET,W,False,4-8-1,False,New Orleans Saints,41.0,10.0,24.0,497.0,226.0,271.0,,18.0,310.0,218.0,92.0,2.0,23.77,5.69,-1.79,2014
353,15,Sun,December 14,1:03PM ET,W,False,5-8-1,True,Tampa Bay Buccaneers,19.0,17.0,28.0,392.0,269.0,123.0,1.0,15.0,287.0,136.0,151.0,3.0,2.42,1.88,-2.12,2014
354,16,Sun,December 21,1:04PM ET,W,False,6-8-1,True,Cleveland Browns,17.0,13.0,27.0,404.0,195.0,209.0,2.0,8.0,228.0,144.0,84.0,1.0,8.84,0.77,-2.06,2014
355,17,Sun,December 28,4:25PM ET,W,False,7-8-1,False,Atlanta Falcons,34.0,3.0,17.0,306.0,112.0,194.0,,16.0,288.0,225.0,63.0,3.0,5.19,27.86,-4.34,2014
356,,,Playoffs,,,False,,True,,,,,,,,,,,,,,,,,2014
357,Wild Card,Sat,January 3,4:20PM ET,W,False,8-8-1,True,Arizona Cardinals,27.0,16.0,25.0,386.0,198.0,188.0,3.0,8.0,78.0,51.0,27.0,3.0,-6.33,19.39,-4.19,2014
358,Division,Sat,January 10,8:21PM ET,L,False,8-9-1,False,Seattle Seahawks,17.0,31.0,21.0,362.0,230.0,132.0,3.0,16.0,348.0,248.0,100.0,,-1.93,-13.2,-1.18,2014
359,1,Sun,September 13,1:03PM ET,W,False,1-0,False,Jacksonville Jaguars,20.0,9.0,17.0,263.0,158.0,105.0,1.0,18.0,265.0,169.0,96.0,3.0,-5.98,18.45,0.05,2015
360,2,Sun,September 20,1:02PM ET,W,False,2-0,True,Houston Texans,24.0,17.0,25.0,350.0,178.0,172.0,1.0,21.0,300.0,239.0,61.0,1.0,2.49,7.98,-3.79,2015
361,3,Sun,September 27,1:03PM ET,W,False,3-0,True,New Orleans Saints,27.0,22.0,24.0,431.0,312.0,119.0,,27.0,380.0,310.0,70.0,2.0,20.67,-9.37,-5.11,2015
362,4,Sun,October 4,1:03PM ET,W,False,4-0,False,Tampa Bay Buccaneers,37.0,23.0,17.0,244.0,111.0,133.0,1.0,25.0,411.0,270.0,141.0,5.0,3.28,4.42,6.73,2015
363,5,,,,,False,,True,Bye Week,,,,,,,,,,,,,,,,2015
364,6,Sun,October 18,4:06PM ET,W,False,5-0,False,Seattle Seahawks,27.0,23.0,25.0,383.0,248.0,135.0,2.0,14.0,334.0,219.0,115.0,,7.39,-1.1,-4.77,2015
365,7,Sun,October 25,8:31PM ET,W,False,6-0,True,Philadelphia Eagles,27.0,16.0,21.0,394.0,190.0,204.0,3.0,20.0,349.0,172.0,177.0,1.0,2.53,5.49,1.95,2015
366,8,Mon,November 2,8:30PM ET,W,True,7-0,True,Indianapolis Colts,29.0,26.0,17.0,379.0,239.0,140.0,3.0,19.0,359.0,223.0,136.0,4.0,-7.28,12.48,-2.81,2015
367,9,Sun,November 8,1:04PM ET,W,False,8-0,True,Green Bay Packers,37.0,29.0,20.0,427.0,297.0,130.0,1.0,21.0,402.0,331.0,71.0,2.0,9.44,-1.26,-0.29,2015
368,10,Sun,November 15,1:03PM ET,W,False,9-0,False,Tennessee Titans,27.0,10.0,24.0,303.0,184.0,119.0,,11.0,242.0,178.0,64.0,2.0,10.28,4.63,0.15,2015
369,11,Sun,November 22,1:02PM ET,W,False,10-0,True,Washington Redskins,44.0,16.0,27.0,368.0,226.0,142.0,,9.0,186.0,172.0,14.0,5.0,18.27,22.42,-13.88,2015
370,12,Thu,November 26,4:31PM ET,W,False,11-0,False,Dallas Cowboys,33.0,14.0,18.0,294.0,165.0,129.0,,14.0,210.0,179.0,31.0,3.0,0.1,18.68,1.47,2015
371,13,Sun,December 6,4:25PM ET,W,False,12-0,False,New Orleans Saints,41.0,38.0,33.0,497.0,322.0,175.0,3.0,21.0,334.0,264.0,70.0,1.0,16.81,-11.59,1.8,2015
372,14,Sun,December 13,1:03PM ET,W,False,13-0,True,Atlanta Falcons,38.0,0.0,20.0,424.0,282.0,142.0,,15.0,230.0,176.0,54.0,4.0,16.27,21.29,1.4,2015
373,15,Sun,December 20,1:02PM ET,W,False,14-0,False,New York Giants,38.0,35.0,28.0,480.0,309.0,171.0,1.0,21.0,406.0,245.0,161.0,2.0,15.48,-8.46,-4.02,2015
374,16,Sun,December 27,1:02PM ET,L,False,14-1,False,Atlanta Falcons,13.0,20.0,18.0,268.0,113.0,155.0,1.0,21.0,373.0,296.0,77.0,1.0,-1.23,-11.19,3.44,2015
375,17,Sun,January 3,4:25PM ET,W,False,15-1,True,Tampa Bay Buccaneers,38.0,10.0,23.0,366.0,255.0,111.0,2.0,21.0,386.0,309.0,77.0,3.0,13.84,1.46,6.79,2015
376,,,Playoffs,,,False,,True,,,,,,,,,,,,,,,,,2015
377,Division,Sun,January 17,1:06PM ET,W,False,16-1,True,Seattle Seahawks,31.0,24.0,19.0,295.0,151.0,144.0,,23.0,403.0,325.0,78.0,2.0,8.35,-5.96,6.08,2015
378,Conf. Champ.,Sun,January 24,6:42PM ET,W,False,17-1,True,Arizona Cardinals,49.0,15.0,21.0,476.0,324.0,152.0,1.0,21.0,287.0,227.0,60.0,7.0,15.85,10.49,3.81,2015
379,SuperBowl,Sun,February 7,6:39PM ET,L,False,17-2,N,Denver Broncos,10.0,24.0,21.0,315.0,197.0,118.0,4.0,11.0,194.0,104.0,90.0,2.0,-20.91,20.81,-11.64,2015
380,1,Thu,September 8,8:40PM ET,L,False,0-1,False,Denver Broncos,20.0,21.0,21.0,333.0,176.0,157.0,1.0,21.0,307.0,159.0,148.0,3.0,6.53,-4.46,-3.92,2016
381,2,Sun,September 18,1:03PM ET,W,False,1-1,True,San Francisco 49ers,46.0,27.0,26.0,529.0,353.0,176.0,4.0,16.0,302.0,237.0,65.0,3.0,10.97,13.97,-5.67,2016
382,3,Sun,September 25,1:02PM ET,L,False,1-2,True,Minnesota Vikings,10.0,22.0,18.0,306.0,201.0,105.0,3.0,13.0,211.0,153.0,58.0,,-12.29,5.7,-7.33,2016
383,4,Sun,October 2,1:04PM ET,L,False,1-3,False,Atlanta Falcons,33.0,48.0,20.0,378.0,329.0,49.0,2.0,25.0,571.0,481.0,90.0,1.0,3.16,-22.38,3.49,2016
384,5,Mon,October 10,8:04PM ET,L,False,1-4,True,Tampa Bay Buccaneers,14.0,17.0,20.0,414.0,278.0,136.0,4.0,20.0,315.0,202.0,113.0,,2.26,-2.67,-3.05,2016
385,6,Sun,October 16,1:03PM ET,L,False,1-5,False,New Orleans Saints,38.0,41.0,32.0,406.0,303.0,103.0,2.0,23.0,523.0,460.0,63.0,1.0,19.19,-22.49,0.27,2016
386,7,,,,,False,,True,Bye Week,,,,,,,,,,,,,,,,2016
387,8,Sun,October 30,12:47PM ET,W,False,2-5,True,Arizona Cardinals,30.0,20.0,19.0,349.0,208.0,141.0,1.0,22.0,340.0,316.0,24.0,2.0,1.07,6.19,3.45,2016
388,9,Sun,November 6,4:05PM ET,W,False,3-5,False,Los Angeles Rams,13.0,10.0,16.0,244.0,185.0,59.0,,18.0,339.0,280.0,59.0,1.0,-1.39,1.87,4.24,2016
389,10,Sun,November 13,1:00PM ET,L,False,3-6,True,Kansas City Chiefs,17.0,20.0,22.0,341.0,242.0,99.0,2.0,18.0,256.0,165.0,91.0,1.0,-1.62,3.83,-5.28,2016
390,11,Thu,November 17,8:25PM ET,W,False,4-6,True,New Orleans Saints,23.0,20.0,17.0,223.0,173.0,50.0,,28.0,371.0,264.0,107.0,2.0,-4.79,-6.16,11.38,2016
391,12,Sun,November 27,4:25PM ET,L,False,4-7,False,Oakland Raiders,32.0,35.0,19.0,358.0,229.0,129.0,2.0,22.0,366.0,310.0,56.0,2.0,3.35,-3.04,-3.44,2016
392,13,Sun,December 4,8:30PM ET,L,False,4-8,False,Seattle Seahawks,7.0,40.0,14.0,271.0,182.0,89.0,2.0,29.0,534.0,294.0,240.0,1.0,-10.2,-22.22,0.15,2016
393,14,Sun,December 11,1:00PM ET,W,False,5-8,True,San Diego Chargers,28.0,16.0,17.0,272.0,146.0,126.0,1.0,17.0,278.0,220.0,58.0,5.0,-5.57,9.16,6.31,2016
394,15,Mon,December 19,8:30PM ET,W,False,6-8,False,Washington Redskins,26.0,15.0,22.0,438.0,290.0,148.0,,18.0,335.0,306.0,29.0,3.0,3.83,14.58,-5.01,2016
395,16,Sat,December 24,1:00PM ET,L,False,6-9,True,Atlanta Falcons,16.0,33.0,17.0,302.0,183.0,119.0,2.0,21.0,408.0,256.0,152.0,,-10.89,-12.62,4.61,2016
396,17,Sun,January 1,1:00PM ET,L,False,6-10,False,Tampa Bay Buccaneers,16.0,17.0,18.0,335.0,207.0,128.0,3.0,18.0,300.0,188.0,112.0,2.0,-8.61,6.76,-3.45,2016
397,1,Sun,September 10,4:25PM ET,W,False,1-0,False,San Francisco 49ers,23.0,3.0,20.0,287.0,171.0,116.0,2.0,13.0,217.0,166.0,51.0,2.0,-0.04,22.9,-3.05,2017
398,2,Sun,September 17,1:00PM ET,W,False,2-0,True,Buffalo Bills,9.0,3.0,19.0,255.0,178.0,77.0,,10.0,176.0,107.0,69.0,,-5.88,16.06,-3.19,2017
399,3,Sun,September 24,1:00PM ET,L,False,2-1,True,New Orleans Saints,13.0,34.0,18.0,288.0,156.0,132.0,3.0,21.0,362.0,213.0,149.0,,-5.22,-15.41,1.34,2017
400,4,Sun,October 1,1:00PM ET,W,False,3-1,False,New England Patriots,33.0,30.0,28.0,444.0,304.0,140.0,2.0,24.0,373.0,293.0,80.0,,24.18,-18.56,-2.62,2017
401,5,Sun,October 8,1:00PM ET,W,False,4-1,False,Detroit Lions,27.0,24.0,16.0,362.0,334.0,28.0,,19.0,242.0,192.0,50.0,1.0,5.73,2.13,-3.66,2017
402,6,Thu,October 12,8:25PM ET,L,False,4-2,True,Philadelphia Eagles,23.0,28.0,23.0,305.0,225.0,80.0,3.0,15.0,310.0,209.0,101.0,1.0,-6.23,0.91,-1.91,2017
403,7,Sun,October 22,1:00PM ET,L,False,4-3,False,Chicago Bears,3.0,17.0,20.0,293.0,185.0,108.0,3.0,5.0,153.0,85.0,68.0,,-25.2,10.91,3.91,2017
404,8,Sun,October 29,1:00PM ET,W,False,5-3,False,Tampa Bay Buccaneers,17.0,3.0,14.0,254.0,154.0,100.0,1.0,16.0,279.0,194.0,85.0,3.0,-5.03,17.39,2.23,2017
405,9,Sun,November 5,1:00PM ET,W,False,6-3,True,Atlanta Falcons,20.0,17.0,20.0,330.0,129.0,201.0,2.0,17.0,355.0,302.0,53.0,1.0,-3.16,7.37,-0.79,2017
406,10,Mon,November 13,8:30PM ET,W,False,7-3,True,Miami Dolphins,45.0,21.0,30.0,548.0,254.0,294.0,,17.0,313.0,213.0,100.0,1.0,37.09,-6.13,-4.23,2017
407,11,,,,,False,,True,Bye Week,,,,,,,,,,,,,,,,2017
408,12,Sun,November 26,1:00PM ET,W,False,8-3,False,New York Jets,35.0,27.0,17.0,299.0,154.0,145.0,,21.0,391.0,282.0,109.0,1.0,0.41,-2.82,7.0,2017
409,13,Sun,December 3,4:25PM ET,L,False,8-4,False,New Orleans Saints,21.0,31.0,16.0,279.0,167.0,112.0,1.0,19.0,400.0,252.0,148.0,1.0,-0.22,-7.77,1.64,2017
410,14,Sun,December 10,1:00PM ET,W,False,9-4,True,Minnesota Vikings,31.0,24.0,15.0,345.0,129.0,216.0,1.0,21.0,356.0,256.0,100.0,3.0,5.54,2.26,-1.07,2017
411,15,Sun,December 17,1:00PM ET,W,False,10-4,True,Green Bay Packers,31.0,24.0,29.0,387.0,236.0,151.0,,24.0,384.0,264.0,120.0,4.0,17.49,-7.5,-1.31,2017
412,16,Sun,December 24,1:00PM ET,W,False,11-4,True,Tampa Bay Buccaneers,22.0,19.0,20.0,255.0,140.0,115.0,1.0,20.0,392.0,326.0,66.0,3.0,1.45,-3.31,6.93,2017
413,17,Sun,December 31,4:25PM ET,L,False,11-5,False,Atlanta Falcons,10.0,22.0,15.0,248.0,161.0,87.0,3.0,20.0,371.0,311.0,60.0,,-14.47,-3.52,3.81,2017
414,,,Playoffs,,,False,,True,,,,,,,,,,,,,,,,,2017
415,Wild Card,Sun,January 7,4:40PM ET,L,False,11-6,False,New Orleans Saints,26.0,31.0,24.0,413.0,306.0,107.0,,21.0,410.0,369.0,41.0,1.0,13.02,-15.88,-3.79,2017
416,1,Sun,September 9,4:25PM ET,W,False,1-0,True,Dallas Cowboys,16.0,8.0,20.0,293.0,146.0,147.0,1.0,17.0,232.0,138.0,94.0,1.0,-2.28,9.14,3.01,2018
417,2,Sun,September 16,1:00PM ET,L,False,1-1,False,Atlanta Falcons,24.0,31.0,27.0,439.0,318.0,121.0,1.0,23.0,442.0,272.0,170.0,1.0,12.68,-22.04,4.66,2018
418,3,Sun,September 23,1:00PM ET,W,False,2-1,True,Cincinnati Bengals,31.0,21.0,23.0,377.0,147.0,230.0,,25.0,396.0,330.0,66.0,4.0,12.82,-8.4,3.09,2018
419,4,,,,,False,,True,Bye Week,,,,,,,,,,,,,,,,2018
420,5,Sun,October 7,1:00PM ET,W,False,3-1,True,New York Giants,33.0,31.0,21.0,350.0,232.0,118.0,2.0,18.0,432.0,382.0,50.0,3.0,1.96,-9.09,7.79,2018
421,6,Sun,October 14,1:00PM ET,L,False,3-2,False,Washington Redskins,17.0,23.0,22.0,350.0,269.0,81.0,3.0,18.0,288.0,156.0,132.0,,7.02,-1.15,-11.87,2018
422,7,Sun,October 21,1:00PM ET,W,False,4-2,False,Philadelphia Eagles,21.0,17.0,19.0,371.0,250.0,121.0,,21.0,342.0,284.0,58.0,1.0,16.68,-8.65,-2.41,2018
423,8,Sun,October 28,1:00PM ET,W,False,5-2,True,Baltimore Ravens,36.0,21.0,22.0,386.0,232.0,154.0,,20.0,325.0,224.0,101.0,3.0,18.22,-1.24,-7.88,2018
424,9,Sun,November 4,1:00PM ET,W,False,6-2,True,Tampa Bay Buccaneers,42.0,28.0,22.0,407.0,228.0,179.0,,23.0,301.0,219.0,82.0,2.0,18.42,-7.24,2.03,2018
425,10,Thu,November 8,8:20PM ET,L,False,6-3,False,Pittsburgh Steelers,21.0,52.0,18.0,242.0,147.0,95.0,2.0,25.0,457.0,319.0,138.0,,1.09,-31.73,-3.55,2018
426,11,Sun,November 18,1:00PM ET,L,False,6-4,False,Detroit Lions,19.0,20.0,20.0,387.0,331.0,56.0,1.0,20.0,309.0,215.0,94.0,,11.72,-3.68,-12.13,2018
427,12,Sun,November 25,1:00PM ET,L,False,6-5,True,Seattle Seahawks,27.0,30.0,26.0,476.0,256.0,220.0,1.0,21.0,397.0,322.0,75.0,,18.96,-17.77,-10.19,2018
428,13,Sun,December 2,1:00PM ET,L,False,6-6,False,Tampa Bay Buccaneers,17.0,24.0,27.0,444.0,276.0,168.0,4.0,18.0,315.0,220.0,95.0,1.0,0.03,-4.28,-1.17,2018
429,14,Sun,December 9,1:00PM ET,L,False,6-7,False,Cleveland Browns,20.0,26.0,22.0,393.0,297.0,96.0,1.0,12.0,348.0,232.0,116.0,2.0,0.14,-4.41,-2.47,2018
430,15,Mon,December 17,8:15PM ET,L,False,6-8,True,New Orleans Saints,9.0,12.0,13.0,247.0,149.0,98.0,2.0,21.0,346.0,191.0,155.0,2.0,-9.06,4.68,-4.46,2018
431,16,Sun,December 23,1:00PM ET,L,False,6-9,True,Atlanta Falcons,10.0,24.0,29.0,436.0,295.0,141.0,4.0,16.0,427.0,233.0,194.0,2.0,-10.77,-9.76,2.58,2018
432,17,Sun,December 30,1:00PM ET,W,False,7-9,False,New Orleans Saints,33.0,14.0,25.0,374.0,263.0,111.0,,17.0,294.0,110.0,184.0,1.0,19.43,-1.59,-0.9,2018
433,1,Sun,September 8,1:00PM ET,L,False,0-1,True,Los Angeles Rams,27.0,30.0,21.0,343.0,216.0,127.0,3.0,22.0,349.0,183.0,166.0,1.0,-3.24,-4.57,3.39,2019
434,2,Thu,September 12,8:20PM ET,L,False,0-2,True,Tampa Bay Buccaneers,14.0,20.0,20.0,352.0,313.0,39.0,1.0,16.0,289.0,189.0,100.0,,-14.8,2.31,8.98,2019
435,3,Sun,September 22,4:05PM ET,W,False,1-2,False,Arizona Cardinals,38.0,20.0,21.0,413.0,240.0,173.0,1.0,21.0,248.0,127.0,121.0,2.0,19.08,3.15,-3.46,2019
436,4,Sun,September 29,1:00PM ET,W,False,2-2,False,Houston Texans,16.0,10.0,19.0,297.0,203.0,94.0,3.0,18.0,264.0,128.0,136.0,2.0,-5.69,9.25,-1.44,2019
437,5,Sun,October 6,1:00PM ET,W,False,3-2,True,Jacksonville Jaguars,34.0,27.0,22.0,445.0,160.0,285.0,,28.0,507.0,358.0,149.0,3.0,16.1,-5.62,-6.41,2019
438,6,Sun,October 13,9:30AM ET,W,False,4-2,False,Tampa Bay Buccaneers,37.0,26.0,17.0,268.0,209.0,59.0,1.0,23.0,407.0,365.0,42.0,7.0,-2.76,14.39,-0.09,2019
439,7,,,,,False,,True,Bye Week,,,,,,,,,,,,,,,,2019
440,8,Sun,October 27,4:05PM ET,L,False,4-3,False,San Francisco 49ers,13.0,51.0,12.0,230.0,100.0,130.0,3.0,24.0,388.0,156.0,232.0,1.0,-30.05,-15.84,7.14,2019
441,9,Sun,November 3,1:00PM ET,W,False,5-3,True,Tennessee Titans,30.0,20.0,22.0,370.0,214.0,156.0,1.0,24.0,431.0,310.0,121.0,3.0,9.15,-5.05,4.67,2019
442,10,Sun,November 10,4:25PM ET,L,False,5-4,False,Green Bay Packers,16.0,24.0,26.0,401.0,281.0,120.0,2.0,23.0,388.0,225.0,163.0,,8.55,-17.83,0.11,2019
443,11,Sun,November 17,1:00PM ET,L,False,5-5,True,Atlanta Falcons,3.0,29.0,17.0,347.0,270.0,77.0,4.0,20.0,349.0,295.0,54.0,,-19.3,-6.14,1.12,2019
444,12,Sun,November 24,1:00PM ET,L,False,5-6,False,New Orleans Saints,31.0,34.0,26.0,351.0,230.0,121.0,1.0,23.0,418.0,300.0,118.0,1.0,16.55,-15.06,-5.89,2019
445,13,Sun,December 1,1:00PM ET,L,False,5-7,True,Washington Redskins,21.0,29.0,22.0,278.0,213.0,65.0,2.0,20.0,362.0,114.0,248.0,,-4.35,-2.59,-0.75,2019
446,14,Sun,December 8,1:00PM ET,L,False,5-8,False,Atlanta Falcons,20.0,40.0,27.0,345.0,245.0,100.0,4.0,22.0,461.0,302.0,159.0,,2.41,-19.83,-5.06,2019
447,15,Sun,December 15,1:00PM ET,L,False,5-9,True,Seattle Seahawks,24.0,30.0,28.0,414.0,269.0,145.0,3.0,21.0,428.0,274.0,154.0,1.0,6.32,-16.22,3.89,2019
448,16,Sun,December 22,1:00PM ET,L,False,5-10,False,Indianapolis Colts,6.0,38.0,19.0,286.0,199.0,87.0,3.0,25.0,324.0,106.0,218.0,,-11.07,-12.71,-6.22,2019
449,17,Sun,December 29,1:00PM ET,L,False,5-11,True,New Orleans Saints,10.0,42.0,16.0,329.0,288.0,41.0,3.0,25.0,379.0,264.0,115.0,,-14.97,-17.52,2.88,2019
450,1,Sun,September 13,1:00PM ET,L,False,0-1,True,Las Vegas Raiders,30.0,34.0,22.0,388.0,259.0,129.0,,23.0,372.0,239.0,133.0,,16.44,-19.49,0.04,2020
451,2,Sun,September 20,1:00PM ET,L,False,0-2,False,Tampa Bay Buccaneers,17.0,31.0,24.0,427.0,340.0,87.0,4.0,20.0,339.0,217.0,122.0,2.0,0.25,-7.61,-4.83,2020
452,3,Sun,September 27,4:05PM ET,W,False,1-2,False,Los Angeles Chargers,21.0,16.0,14.0,302.0,221.0,81.0,,26.0,436.0,319.0,117.0,4.0,1.18,5.44,-0.62,2020
453,4,Sun,October 4,1:00PM ET,W,False,2-2,True,Arizona Cardinals,31.0,21.0,30.0,444.0,276.0,168.0,1.0,21.0,262.0,133.0,129.0,1.0,23.36,-8.53,-3.47,2020
454,5,Sun,October 11,1:00PM ET,W,False,3-2,False,Atlanta Falcons,23.0,16.0,24.0,437.0,313.0,124.0,,21.0,373.0,207.0,166.0,1.0,18.13,-6.82,-2.46,2020
455,6,Sun,October 18,1:00PM ET,L,False,3-3,True,Chicago Bears,16.0,23.0,23.0,303.0,191.0,112.0,3.0,22.0,261.0,198.0,63.0,1.0,-3.15,-1.01,-2.23,2020
456,7,Sun,October 25,1:00PM ET,L,False,3-4,False,New Orleans Saints,24.0,27.0,18.0,283.0,246.0,37.0,,26.0,415.0,277.0,138.0,1.0,17.99,-21.29,-1.07,2020
457,8,Thu,October 29,8:20PM ET,L,False,3-5,True,Atlanta Falcons,17.0,25.0,18.0,304.0,157.0,147.0,1.0,28.0,401.0,270.0,131.0,1.0,2.21,-15.4,6.84,2020
458,9,Sun,November 8,1:00PM ET,L,False,3-6,False,Kansas City Chiefs,31.0,33.0,30.0,435.0,331.0,104.0,,24.0,397.0,361.0,36.0,1.0,19.28,-20.48,1.85,2020
459,10,Sun,November 15,1:00PM ET,L,False,3-7,True,Tampa Bay Buccaneers,23.0,46.0,13.0,187.0,122.0,65.0,1.0,30.0,544.0,334.0,210.0,1.0,-6.81,-27.3,11.18,2020
460,11,Sun,November 22,1:00PM ET,W,False,4-7,True,Detroit Lions,20.0,0.0,20.0,374.0,258.0,116.0,2.0,10.0,185.0,145.0,40.0,1.0,-1.61,18.63,3.12,2020
461,12,Sun,November 29,1:00PM ET,L,False,4-8,False,Minnesota Vikings,27.0,28.0,21.0,374.0,267.0,107.0,1.0,26.0,387.0,291.0,96.0,3.0,7.73,-0.99,-7.86,2020
462,13,,,,,False,,True,Bye Week,,,,,,,,,,,,,,,,2020
463,14,Sun,December 13,1:00PM ET,L,False,4-9,True,Denver Broncos,27.0,32.0,22.0,370.0,245.0,125.0,,23.0,365.0,269.0,96.0,1.0,7.47,-8.51,-5.3,2020
464,15,Sat,December 19,8:15PM ET,L,False,4-10,False,Green Bay Packers,16.0,24.0,20.0,364.0,249.0,115.0,1.0,20.0,291.0,96.0,195.0,,-1.0,-6.96,-4.27,2020
465,16,Sun,December 27,4:05PM ET,W,False,5-10,False,Washington Football Team,20.0,13.0,19.0,280.0,167.0,113.0,2.0,20.0,386.0,278.0,108.0,4.0,-5.85,5.49,7.24,2020
466,17,Sun,January 3,4:25PM ET,L,False,5-11,True,New Orleans Saints,7.0,33.0,17.0,320.0,246.0,74.0,5.0,20.0,347.0,191.0,156.0,,-14.42,-10.71,-0.09,2020
467,1,Sun,September 12,1:00PM ET,W,False,1-0,True,New York Jets,19.0,14.0,18.0,381.0,270.0,111.0,1.0,16.0,252.0,207.0,45.0,1.0,1.31,10.0,-3.49,2021
468,2,Sun,September 19,1:00PM ET,W,False,2-0,True,New Orleans Saints,26.0,7.0,28.0,383.0,294.0,89.0,1.0,6.0,128.0,80.0,48.0,2.0,12.61,21.2,-12.63,2021
469,3,Thu,September 23,8:20PM ET,,False,,False,Houston Texans,,,,,,,,,,,,,,,,2021
470,4,Sun,October 3,1:00PM ET,,False,,False,Dallas Cowboys,,,,,,,,,,,,,,,,2021
471,5,Sun,October 10,1:00PM ET,,False,,True,Philadelphia Eagles,,,,,,,,,,,,,,,,2021
472,6,Sun,October 17,1:00PM ET,,False,,True,Minnesota Vikings,,,,,,,,,,,,,,,,2021
473,7,Sun,October 24,1:00PM ET,,False,,False,New York Giants,,,,,,,,,,,,,,,,2021
474,8,Sun,October 31,1:00PM ET,,False,,False,Atlanta Falcons,,,,,,,,,,,,,,,,2021
475,9,Sun,November 7,1:00PM ET,,False,,True,New England Patriots,,,,,,,,,,,,,,,,2021
476,10,Sun,November 14,4:05PM ET,,False,,False,Arizona Cardinals,,,,,,,,,,,,,,,,2021
477,11,Sun,November 21,1:00PM ET,,False,,True,Washington Football Team,,,,,,,,,,,,,,,,2021
478,12,Sun,November 28,1:00PM ET,,False,,False,Miami Dolphins,,,,,,,,,,,,,,,,2021
479,13,,,,,False,,True,Bye Week,,,,,,,,,,,,,,,,2021
480,14,Sun,December 12,1:00PM ET,,False,,True,Atlanta Falcons,,,,,,,,,,,,,,,,2021
481,15,Sun,December 19,1:00PM ET,,False,,False,Buffalo Bills,,,,,,,,,,,,,,,,2021
482,16,Sun,December 26,1:00PM ET,,False,,True,Tampa Bay Buccaneers,,,,,,,,,,,,,,,,2021
483,17,Sun,January 2,1:00PM ET,,False,,False,New Orleans Saints,,,,,,,,,,,,,,,,2021
484,18,Sun,January 9,1:00PM ET,,False,,False,Tampa Bay Buccaneers,,,,,,,,,,,,,,,,2021
